zip_code,-5,5-9,10-14,2w-12yrs,employment rate,average income,high_demand,infant_capacity,toddler_capacity,preschool_capacity,school_age_capacity,children_capacity,2w_5yr_cap,2w_12yr_cap
10001,744,784,942,2093,0.5950970226633091,102878.03360298694,0,0,0,0,585,24,10,609
10002,2142,3046,3198,7106,0.5206618050654748,59604.04116465864,1,0,0,18,4508,203,102,4729
10003,1440,1034,953,3045,0.4972437218107912,114273.04964539009,0,0,0,0,1995,0,0,1995
10004,433,182,161,711,0.5066608429788163,132004.3103448276,0,0,0,0,263,0,0,263
10005,484,204,229,825,0.6658334280195433,121437.7133105802,1,0,0,0,39,0,0,39
10006,128,96,75,269,0.6316916488222698,126377.1186440678,1,0,0,14,142,0,14,156
10007,605,451,290,1230,0.528910205169198,138853.90428211587,0,0,0,0,284,0,0,284
10009,1896,1658,1835,4655,0.5145674278475812,77133.23353293413,0,0,0,18,1660,106,62,1784
10010,1422,1592,948,3582,0.4927491514964517,116272.69881026926,0,0,0,0,234,0,0,234
10011,1209,1200,1364,3227,0.5569999212164185,120420.79207920792,0,0,0,42,1908,6,44,1956
10012,613,161,407,1018,0.5382730015082956,111131.78633975482,0,0,0,0,6,18,7,24
10013,1249,1108,1376,3182,0.4861983499134213,106023.04469273744,0,0,0,0,423,12,5,435
10014,708,422,735,1571,0.6086012015885408,124233.12883435584,1,0,0,71,1640,0,71,1711
10016,1798,1261,1410,3905,0.5652117934852582,109298.7308818744,0,0,0,0,811,12,5,823
10017,193,177,232,509,0.7773022228358415,118061.72291296624,1,0,0,0,107,0,0,107
10019,1099,728,442,2092,0.6170789879811065,107014.96779082986,1,0,0,0,543,48,20,591
10021,1787,1174,2294,4337,0.5418040450765218,124193.91462306994,0,0,0,0,460,0,0,460
10022,1228,926,1081,2802,0.5698803072708867,124320.79414838034,0,0,0,0,4,12,5,16
10023,3548,2435,2196,7300,0.5057376799683438,121776.25639482395,0,0,0,0,1081,18,7,1099
10024,4221,2929,2840,8854,0.4603816866855704,118313.14878892733,0,0,0,15,1138,90,52,1243
10025,4499,3510,3608,10173,0.4391264898750361,93258.39398919934,0,0,0,91,2278,184,167,2553
10026,2222,1962,2162,5481,0.4513262772768849,65380.71800810655,0,0,0,18,1340,348,163,1706
10027,3636,3108,3518,8854,0.3941889797282922,61675.983037779486,0,0,0,0,3408,350,145,3758
10028,1719,2175,1674,4898,0.5260625150381696,117822.24532224532,0,0,0,36,288,24,46,348
10029,3965,3262,4078,9673,0.4520326923585579,48339.6723229959,1,0,0,0,3000,358,149,3358
10030,1872,1378,1642,4235,0.4055264167839325,48373.42271293375,1,0,0,0,1101,171,71,1272
10031,2359,2904,2204,6585,0.4465631347880217,48674.798239178286,1,0,0,0,1029,548,228,1577
10032,2238,2337,2222,5908,0.4551917989417989,46467.4900108972,1,0,0,0,2454,768,320,3222
10033,3206,2430,2681,7244,0.4276881674643593,52235.16527279968,1,0,0,0,2013,880,366,2893
10034,2615,1757,2388,5804,0.4544142410392109,50708.04658549497,1,0,0,0,2335,791,329,3126
10035,2382,1879,2436,5722,0.3839875631558492,50944.669365722,1,0,0,0,1961,114,47,2075
10036,634,613,571,1589,0.5719366311024895,94940.64443188242,0,0,0,0,686,0,0,686
10037,1070,932,940,2566,0.5026648552617828,57120.58212058212,1,0,0,21,423,142,80,586
10038,772,536,1366,2127,0.5059332562224221,95681.62574089757,0,0,0,20,771,11,24,802
10039,1898,1576,1930,4632,0.4219225750326228,47026.16970658208,1,0,0,0,1157,266,110,1423
10040,1970,2504,1960,5650,0.4673218335509587,50772.05882352941,1,0,0,0,1715,879,366,2594
10044,939,495,538,1756,0.3992908998818166,86945.03171247357,0,0,0,0,477,12,5,489
10065,2230,1269,1002,4100,0.491266729317217,120720.64643799471,0,0,0,40,805,0,40,845
10069,690,270,543,1285,0.519252276721521,133653.84615384616,0,0,0,0,4,12,5,16
10075,1243,806,786,2520,0.5635451505016722,120113.13056379822,0,0,0,0,235,0,0,235
10128,2791,1775,1822,5659,0.5517241379310345,111992.48721227625,0,0,0,0,301,0,0,301
10280,318,200,187,630,0.4692977496324776,134397.5903614458,0,0,0,0,509,0,0,509
10282,418,566,590,1338,0.3286821705426356,152181.6037735849,0,0,0,0,279,0,0,279
10301,2780,2123,2051,6133,0.4564726885026406,66913.36230309615,0,0,0,10,1627,268,121,1905
10302,1338,1203,1305,3324,0.4766521247374374,57217.51412429378,1,0,0,0,554,190,79,744
10303,1262,1716,2211,4304,0.4733596721190414,52778.861154446175,1,0,0,0,1143,486,202,1629
10304,2234,2894,3004,6930,0.4645149786019971,61216.41074856045,0,0,0,41,1623,356,189,2020
10305,1653,2272,2228,5261,0.496553031200398,64277.19465648855,0,0,0,0,636,150,62,786
10306,2606,2860,4103,7927,0.5132309005548442,73657.31115731115,0,0,0,0,470,108,45,578
10307,1098,525,972,2206,0.4662826160623517,86900.43604651163,0,0,0,0,259,0,0,259
10308,1106,1609,1956,3888,0.4721529509559434,81452.4647887324,0,0,0,0,405,42,17,447
10309,1936,1834,2676,5375,0.4602763385146804,85576.92307692306,0,0,0,0,288,9,3,297
10310,2167,1486,1844,4759,0.4500933724608407,67453.42929720576,0,0,0,0,950,218,90,1168
10312,3668,4364,3425,10087,0.4781560663589242,83484.34925864909,0,0,0,8,1013,119,57,1140
10314,5269,5623,5954,14464,0.448836839595146,74144.03778040141,0,0,0,0,1498,156,65,1654
10451,3494,3602,3571,9238,0.4843016117401726,40553.319919517104,1,0,0,0,2262,1025,427,3287
10452,5461,5955,6709,15441,0.4703398453398453,35306.24661979448,1,0,0,0,4093,2907,1211,7000
10453,5476,6164,6693,15655,0.4718542016545375,34474.69021882415,1,0,0,0,4003,2838,1182,6841
10454,2870,2975,3486,7936,0.389063374966523,35661.76470588235,1,0,0,0,2568,595,247,3163
10455,2507,3874,3520,8493,0.4238395673726904,35785.48644338118,1,0,0,0,2033,1002,417,3035
10456,6718,6044,7100,17022,0.4558848433530906,34503.467062902426,1,0,0,0,4941,2345,977,7286
10457,6785,6324,6929,17266,0.4239698309883859,34633.56973995271,1,0,0,0,4015,2544,1060,6559
10458,5585,6282,6248,15615,0.4262318875638017,35868.3314415437,1,0,0,0,2262,2395,997,4657
10459,3973,3488,4001,9861,0.4231775844815642,36056.161891768985,1,0,0,0,2718,1300,541,4018
10460,3983,4025,4676,10813,0.4476040900888859,36095.55804404629,1,0,0,0,3175,1645,685,4820
10461,2750,3178,3320,7920,0.4883227176220807,57890.49919484702,1,0,0,0,1048,414,172,1462
10462,5581,4432,5584,13363,0.508481160170918,49331.55080213904,1,0,0,0,2257,1168,486,3425
10463,4453,3468,4614,10689,0.4826732673267326,65918.80341880342,0,0,0,0,3060,1189,495,4249
10464,75,329,191,518,0.5009319664492078,84418.6046511628,0,0,0,0,102,12,5,114
10465,3268,2118,3034,7206,0.4288398004793677,67554.12890231621,0,0,0,0,1240,648,270,1888
10466,4393,4261,5512,11961,0.4438725388457654,47724.43890274314,1,0,0,0,1844,1348,561,3192
10467,6341,6625,6864,17084,0.459412640685624,42034.178610804855,1,0,0,0,3975,2245,935,6220
10468,6671,5292,6148,15651,0.445348108652653,37413.79310344827,1,0,0,0,1819,2489,1037,4308
10469,4483,3968,4216,10980,0.4493334446578164,53108.54753793744,1,0,0,0,1325,990,412,2315
10470,1311,578,442,2154,0.4899285250162443,58968.83289124668,1,0,0,0,428,204,85,632
10471,1015,790,1172,2508,0.4347256204124432,91633.16582914571,0,0,0,0,176,108,45,284
10472,5321,4406,4439,12390,0.4482024416770063,37918.66028708134,1,0,0,0,2200,1393,580,3593
10473,3742,3311,4414,9701,0.4711501655932231,46564.81808548216,1,0,0,0,2688,860,358,3548
10474,1001,1151,749,2601,0.4441489361702128,35229.54091816367,1,0,0,0,990,204,85,1194
10475,3115,2284,1762,6456,0.5172691132201209,56136.16170590848,1,0,0,0,1646,162,67,1808
10502,322,366,531,1006,0.4995648389904265,120470.38327526132,0,0,0,0,249,24,10,273
10504,521,580,619,1472,0.4921088604448863,128945.70707070708,0,61,127,359,159,0,547,706
10506,316,526,509,1147,0.444794952681388,126241.13475177305,0,0,0,0,50,30,12,80
10507,425,448,315,1062,0.4216773387474621,85787.03703703704,0,32,48,71,69,0,151,220
10509,1103,1087,1252,2941,0.5163372327551432,84375.0,0,56,180,557,204,18,800,1015
10510,375,676,632,1430,0.4781983708672736,124123.246492986,0,46,122,210,326,0,378,704
10511,119,95,147,302,0.5173169662428759,82944.91525423728,0,0,0,0,48,24,10,72
10512,1127,967,1347,2902,0.5429584432717678,85317.00835231587,0,16,21,89,26,78,158,230
10514,732,1008,1137,2422,0.4258957021838812,136587.5912408759,0,0,99,325,161,0,424,585
10516,283,261,288,716,0.4923903312444047,99500.0,0,24,42,81,4,12,152,163
10520,618,770,799,1867,0.5109777286368662,103052.55023183924,0,56,112,376,297,6,546,847
10522,592,533,993,1720,0.4614181438998957,107674.19962335218,0,36,109,299,125,12,449,581
10523,684,528,614,1580,0.5367983810842475,75297.61904761905,0,61,130,216,212,114,454,733
10524,131,156,366,506,0.4926335174953959,102978.9719626168,0,0,0,0,4,12,5,16
10527,15,18,64,71,0.6907894736842105,115178.57142857142,1,0,0,64,0,0,64,64
10528,786,952,1068,2378,0.4463750748951468,100964.76510067114,0,32,84,367,165,42,500,690
10530,867,560,532,1746,0.5131298793470547,105584.37067773168,0,21,50,91,195,48,182,405
10532,289,244,293,708,0.5119047619047619,101162.79069767444,0,23,46,102,198,12,176,381
10533,538,808,634,1726,0.510286951813752,121352.7851458886,0,0,0,88,69,0,88,157
10535,7,0,6,10,0.99,74038.46153846153,1,0,0,0,100,0,0,100
10536,515,842,916,1906,0.4853199962952672,118916.9847328244,0,31,51,154,67,12,241,315
10538,1213,1586,1691,3813,0.4663447884123828,127009.74421437272,0,14,64,294,83,0,372,455
10541,1299,1573,1574,3816,0.507351814979323,91301.88679245285,0,32,92,464,281,89,625,958
10543,1142,1848,1198,3708,0.4652037028335135,95909.09090909093,0,15,124,261,395,72,430,867
10547,370,254,636,1005,0.4983692106979778,87107.32984293194,0,46,137,314,320,0,497,817
10548,303,202,158,599,0.382366171839856,86397.05882352941,0,16,12,33,60,0,61,121
10549,1395,681,951,2646,0.529746835443038,92114.69534050178,0,56,158,370,150,0,584,734
10550,2127,2228,3064,6193,0.4828687645047788,48113.69509043928,1,16,66,222,428,430,483,1162
10552,1033,917,948,2518,0.5004751346214761,77373.41772151898,0,0,21,151,244,180,247,596
10553,438,549,377,1213,0.5481664449933498,58578.856152513,1,0,0,0,54,102,42,156
10560,383,296,309,864,0.4562814070351759,104955.94713656387,0,0,0,0,129,0,0,129
10562,1757,1446,1486,4094,0.4830341701950026,78564.81481481482,0,48,127,398,1068,96,613,1737
10566,1040,806,1733,2885,0.5062792803432936,63870.52877138414,0,32,84,264,339,143,439,862
10567,1135,994,1451,2999,0.5107379540584982,97280.48780487804,0,34,56,83,106,24,183,303
10570,659,743,849,1911,0.4624848116646415,112294.74548440066,0,31,41,67,177,0,139,316
10573,2248,2328,2250,5926,0.4740027710931233,73685.89743589744,0,35,119,347,838,234,598,1573
10576,98,200,269,459,0.5175563223056627,125196.07843137256,0,0,0,0,40,0,0,40
10577,212,67,163,376,0.2473555736371033,125904.6052631579,0,48,108,180,17,12,341,365
10579,199,308,685,918,0.5580712275119325,95230.26315789472,0,8,20,50,226,6,80,310
10580,801,1580,1744,3427,0.4624661171654589,125284.09090909093,0,0,48,210,128,24,268,410
10583,2181,3239,3704,7642,0.4617218478604617,127798.99894625922,0,32,240,1077,403,24,1359,1776
10588,322,83,270,567,0.4065533980582524,91138.05970149252,0,0,0,0,41,0,0,41
10589,182,308,355,703,0.666294175164129,108700.20964360586,1,16,19,24,139,12,64,210
10590,324,416,501,1040,0.4401242068313757,113611.96319018403,0,16,35,112,82,0,163,245
10591,1364,1224,1017,3198,0.5110404817664771,87684.12438625205,0,128,217,351,839,132,751,1667
10594,359,397,326,951,0.4851752021563342,100277.77777777778,0,0,0,0,8,24,10,32
10595,356,240,321,788,0.456120892832386,105585.10638297872,0,40,106,459,99,36,620,740
10598,1277,1971,1664,4246,0.5091859905043694,102525.33783783784,0,110,232,707,495,48,1069,1592
10601,330,435,416,1014,0.5351559010095596,83222.0367278798,0,5,12,212,55,0,229,284
10603,1155,1429,784,3054,0.5213368678205728,80059.82053838484,0,0,0,58,220,60,83,338
10604,707,932,1102,2300,0.5136028476989576,87458.74587458746,0,79,133,214,265,36,441,727
10605,979,1139,831,2616,0.5212121212121212,104251.45348837208,0,81,262,1111,585,84,1489,2123
10606,941,719,1014,2268,0.5374642400633027,71206.11551528878,0,0,42,506,237,138,605,923
10607,334,214,451,818,0.6135422826729746,90000.0,1,16,21,169,85,54,228,345
10701,4688,4129,4673,11620,0.4483184383819379,55344.26229508197,1,91,167,571,1211,616,1085,2656
10703,1232,757,1693,3004,0.4625503925312964,62190.366972477066,0,0,0,165,501,317,297,983
10704,1875,1681,1446,4423,0.5431900857019545,71318.10442678774,0,15,23,0,336,246,140,620
10705,1959,2512,2480,5959,0.4848048171688839,53397.02760084926,1,0,0,281,1025,444,466,1750
10706,407,577,492,1279,0.4918394353771504,116423.7668161435,0,16,64,242,308,0,322,630
10707,715,624,235,1480,0.520129297678519,101553.67231638418,0,38,64,182,49,24,294,357
10708,1133,1097,1122,2903,0.5023235229032972,109944.93392070485,0,0,28,65,100,0,93,193
10709,485,602,896,1624,0.5057015369360436,102549.01960784312,0,0,0,37,364,36,52,437
10710,1211,1091,1696,3319,0.5513621211540672,82270.67407922167,0,0,0,0,643,114,47,757
10801,1839,2432,2186,5582,0.4800594382130189,67866.94957563655,0,36,125,361,1614,252,627,2388
10803,656,1211,1398,2705,0.4524580290597004,118323.62728785358,0,23,57,479,101,0,559,660
10804,664,1375,1277,2805,0.4768555466879489,125645.04881450487,0,23,128,499,457,108,695,1215
10805,1144,723,857,2381,0.4456018518518518,72483.76623376623,0,12,12,79,77,58,127,238
10901,1279,1467,2037,3968,0.4431720134912542,87057.52212389381,0,54,86,169,604,60,334,973
10913,141,335,276,641,0.4918653045781309,101730.76923076923,0,0,14,161,152,36,190,363
10916,154,243,432,656,0.5241844769403825,92274.678111588,0,0,0,0,2,6,2,8
10917,295,74,133,448,0.553580497714576,80963.30275229357,0,0,10,33,108,24,53,175
10918,767,612,715,1808,0.4863396971691902,84708.12182741116,0,14,19,57,64,12,95,166
10919,23,22,94,101,0.4777070063694267,75625.0,0,0,0,0,100,0,0,100
10920,389,351,612,1107,0.5334108076699593,92320.26143790848,0,32,43,202,173,12,282,462
10921,222,271,220,625,0.5435801312089972,79525.86206896552,0,31,50,44,57,0,125,182
10923,844,496,777,1806,0.5903313932771113,69642.85714285714,0,14,29,56,18,54,121,171
10924,730,692,839,1925,0.4776226279985678,87706.14692653673,0,24,34,281,84,12,344,435
10925,160,149,376,534,0.5508284818629646,79522.35772357724,0,0,0,0,45,24,10,69
10926,250,218,228,604,0.4937324123816833,72992.22797927461,0,0,0,0,40,0,0,40
10927,1057,735,792,2267,0.5070812306690542,48936.59711075442,1,16,12,252,249,90,317,619
10928,222,369,328,787,0.4377880184331797,64747.807017543855,0,0,0,0,83,18,7,101
10930,323,442,909,1310,0.4183614177803602,85937.5,0,7,18,33,16,18,65,92
10940,3426,2673,4280,8667,0.5089387306423929,61566.8813944676,0,78,146,571,573,198,877,1566
10941,643,605,864,1766,0.5309612467245897,67564.93506493507,0,55,111,298,157,102,506,723
10950,8658,7946,6830,20702,0.3055022138991605,71012.98701298701,0,46,94,339,120,114,526,713
10952,7131,5814,5435,16206,0.2765791744722052,66818.87366818874,0,0,0,123,110,348,268,581
10954,1444,1164,1689,3621,0.4552869105013231,84852.70700636943,0,0,0,131,743,78,163,952
10956,1619,1681,2024,4514,0.5293122519357147,100368.77688998156,0,24,151,643,663,168,888,1649
10960,618,724,710,1768,0.5336802137533398,86907.11462450594,0,0,34,254,142,30,300,460
10962,180,317,202,618,0.5229268292682927,96595.14925373136,0,0,0,0,4,12,5,16
10963,185,234,256,572,0.2967563837129054,75290.69767441861,0,0,0,44,50,30,56,124
10964,21,64,72,128,0.4721311475409836,108854.16666666666,0,7,33,71,24,0,111,135
10965,984,1126,1161,2806,0.513213328226733,96688.4328358209,0,24,42,308,170,71,403,615
10968,167,55,49,251,0.5052546483427648,108200.0,0,0,12,161,0,0,173,173
10970,1218,659,758,2331,0.4675481807968196,78904.80591497227,0,15,20,70,24,72,135,201
10973,33,236,191,383,0.4857621440536013,85129.3103448276,0,14,22,107,28,12,148,183
10974,208,74,289,455,0.5247376311844077,84500.0,0,0,0,0,12,36,15,48
10977,8574,8376,8088,21802,0.350223230104174,54143.05949008499,1,55,276,830,668,474,1358,2303
10980,771,589,924,1914,0.5232812728068895,83856.34588563458,0,16,30,61,140,102,149,349
10983,166,236,351,612,0.5432098765432098,100324.67532467532,0,0,0,0,234,12,5,246
10984,298,225,74,567,0.4417018512504059,86029.41176470589,0,0,0,0,137,6,2,143
10987,155,118,231,411,0.5381990023628249,90975.60975609756,0,0,0,0,40,0,0,40
10989,284,349,419,884,0.561784764767079,95961.9341563786,0,5,5,104,113,34,128,261
10990,714,1171,1045,2512,0.4871632484045403,91337.5,0,26,41,213,138,48,300,466
10992,584,626,744,1656,0.4803578374173473,82287.44939271254,0,24,22,181,121,12,232,360
10993,73,135,196,325,0.5614183199662305,55498.12030075188,1,40,71,192,80,18,310,401
10994,279,354,250,783,0.6119238634576057,102152.95629820052,1,31,24,94,640,36,164,825
10998,258,212,286,641,0.4763246899661781,89644.97041420118,0,0,0,43,0,0,43,43
11001,1121,1719,1696,3857,0.5547478766546791,87465.51724137932,0,16,60,112,219,130,242,537
11003,2672,1719,3100,6251,0.52299273913501,62972.83702213279,0,8,54,147,1742,464,402,2415
11004,894,480,1010,1980,0.4330658514838874,76746.32352941176,0,0,0,0,427,0,0,427
11010,1458,1561,1429,3876,0.5052230981321114,83041.89085318986,0,0,0,0,192,90,37,282
11020,182,243,572,768,0.5093572009764036,100918.5303514377,0,0,21,41,80,0,62,142
11021,937,1041,1152,2669,0.4846353768536921,105467.92849631966,0,16,84,102,0,0,202,202
11023,753,1127,911,2426,0.4423136405815032,103758.74125874128,0,0,103,114,132,6,219,355
11024,855,895,742,2195,0.3701263042284459,98961.4243323442,0,0,110,192,250,0,302,552
11030,718,1285,1441,2867,0.5248136067101584,124556.0488346282,0,30,69,180,410,0,279,689
11040,1947,2167,2307,5498,0.5327479829140959,93346.32516703788,0,44,137,545,476,18,733,1220
11042,0,0,0,0,0.99,121250.0,1,0,0,282,0,0,282,282
11050,1928,2417,2417,5795,0.4783834586466165,104821.54551407987,0,24,248,684,924,48,976,1928
11096,892,757,616,2018,0.4337827950245636,48554.21686746989,1,8,66,93,101,81,200,349
11101,2111,1329,1124,4114,0.7491467078969631,91603.38785046728,1,0,0,6,1532,78,38,1616
11102,1373,846,915,2768,0.7052347704015663,67476.42744892614,1,0,0,0,1300,90,37,1390
11103,1502,906,1137,3090,0.570614640883978,63495.96570852244,0,0,0,0,442,82,34,524
11104,1769,1228,977,3583,0.5423363896209956,66906.22861054073,0,0,0,0,1183,46,19,1229
11105,2103,1638,1579,4688,0.494375064506141,68860.90814196243,0,0,0,22,760,48,42,830
11106,1948,1339,1855,4400,0.5358475546047067,66533.1940575673,0,0,0,0,1349,186,77,1535
11109,878,508,41,1410,0.4807692307692308,133892.85714285713,0,0,0,0,89,0,0,89
11201,4950,3421,2650,9961,0.5013260698157839,117507.86388332857,0,0,0,0,1749,208,86,1957
11203,4037,3832,4134,10349,0.4558887218811301,50698.51913942442,1,0,0,0,2725,680,283,3405
11204,7209,6869,6574,18022,0.4242010549177785,51748.09830310123,1,0,0,0,2760,432,180,3192
11205,4751,4366,4031,11535,0.3720264711142908,72222.22222222222,0,0,0,0,782,136,56,918
11206,7202,6512,7040,17938,0.4193487420649479,51560.84305408271,1,0,0,0,3035,358,149,3393
11207,6376,6311,6071,16329,0.4408012313922377,42837.47363487227,1,0,0,0,4850,1382,575,6232
11208,8276,7084,8535,20481,0.4160658162322055,40213.28593645857,1,0,0,0,3836,1218,507,5054
11209,4186,3739,3518,10035,0.4763827772517128,74627.30195849166,0,0,0,0,1273,150,62,1423
11210,3475,4286,4394,10397,0.4523381578532463,61197.28128267689,0,0,0,0,1558,456,190,2014
11211,4961,3419,3611,10546,0.4857199554273328,82047.45443117537,0,0,0,0,2323,130,54,2453
11212,5889,5470,5480,14647,0.4430635906959027,39632.59000537345,1,0,0,0,4620,810,337,5430
11213,4835,4386,4347,11829,0.4152984912701971,49651.68930686173,1,0,0,15,1900,276,130,2191
11214,5230,5176,5916,13955,0.462905854883475,51150.96359743041,1,0,0,0,2265,233,97,2498
11215,5712,4381,4221,12625,0.4547726830893993,107133.58778625954,0,0,0,0,2255,870,362,3125
11216,3107,2829,2468,7416,0.4627002068202587,65817.74081774082,0,0,0,0,1574,204,85,1778
11217,3694,1617,1593,6266,0.4818213497502613,102531.34040501446,0,0,0,0,985,198,82,1183
11218,4931,5473,5641,13788,0.450639679205652,65583.38377723971,0,0,0,0,2569,518,215,3087
11219,12125,10259,8726,27619,0.3723329323927484,44299.33061699651,1,0,0,0,1583,1012,421,2595
11220,5782,7321,7169,17404,0.5679081369344573,37017.22832260508,1,0,0,0,2015,396,165,2411
11221,4616,4278,4439,11557,0.4477399272217107,53503.67197062424,1,0,0,0,2396,715,297,3111
11222,2443,1447,793,4365,0.5795151605750305,89192.82029234737,0,0,0,0,600,72,30,672
11223,6642,6199,5278,16007,0.4192827630971253,55444.3286692468,1,0,0,0,1304,144,60,1448
11224,2274,2441,2997,6513,0.4267847075773077,50012.23091976516,1,0,0,0,1075,90,37,1165
11225,3053,2400,2782,7122,0.5012312743689719,59241.72637325145,1,0,0,0,1554,439,182,1993
11226,5566,4878,5186,13555,0.5098314745727489,51581.9099378882,1,0,0,0,2499,600,250,3099
11228,2279,2467,2080,5994,0.4751561227260386,60916.66666666667,0,0,0,0,1209,84,35,1293
11229,4778,4956,5565,13073,0.4655463635354893,63066.07521186441,0,0,0,0,1552,288,120,1840
11230,7918,6037,6904,18097,0.4063383012909302,61947.777474775015,0,0,0,0,512,312,130,824
11231,3167,2715,1990,7076,0.4365293981302635,99623.89380530972,0,0,0,0,1132,330,137,1462
11232,1542,1673,1728,4251,0.4392792408572342,52851.94174757282,1,0,0,0,1407,292,121,1699
11233,5703,5072,4069,13216,0.3807518796992481,50900.47393364929,1,0,0,0,2971,444,185,3415
11234,4665,4667,6506,13235,0.4677914110429448,69030.64861012118,0,0,0,0,2150,720,300,2870
11235,4313,3593,3942,10271,0.4909171893245374,60106.056890632666,0,0,0,0,1579,330,137,1909
11236,5712,6338,5875,15575,0.4596231090505785,53505.434782608696,1,0,0,0,3474,1126,469,4600
11237,2014,1530,2544,5070,0.496789097768264,49178.7542662116,1,0,0,0,1277,192,80,1469
11238,4452,2038,2441,7954,0.5390459455269007,91554.80984340044,0,0,0,0,1782,228,95,2010
11239,487,843,1063,1967,0.4854831032841504,46691.17647058824,1,0,0,0,692,110,45,802
11354,2484,1768,1994,5448,0.5967660339884956,45820.25117739404,1,0,0,0,1151,102,42,1253
11355,3814,3419,3610,9399,0.6658280394993396,36375.87379557906,1,0,0,0,3299,154,64,3453
11356,2049,1432,1653,4472,0.4885639837869137,47101.851851851854,1,0,0,0,732,150,62,882
11357,2193,2398,2724,6225,0.4900448681996635,74928.46924177397,0,0,0,0,1015,72,30,1087
11358,2023,1709,2237,5074,0.5471883549818046,59587.37864077671,1,0,0,0,547,132,55,679
11360,859,607,784,1936,0.5198032354581875,88817.0731707317,0,0,0,0,461,24,10,485
11361,1723,1359,1635,4063,0.4867316544814514,69375.86926286509,0,0,0,0,1357,144,60,1501
11362,626,806,715,1861,0.4938673613372408,80604.3956043956,0,0,0,0,301,48,20,349
11363,334,610,375,1169,0.4738628649015614,89290.83094555873,0,0,0,15,151,60,40,226
11364,1901,2315,2365,5635,0.4876193473927185,71153.84615384616,0,0,0,0,1270,60,25,1330
11365,2904,2215,3406,7162,0.4822936412200586,59569.00401965163,1,0,0,0,1164,162,67,1326
11366,832,594,754,1878,0.5124826121970861,69285.71428571429,0,0,0,0,443,144,60,587
11367,3814,2756,2677,8176,0.4481818601857413,58402.06185567011,1,0,0,0,1603,618,257,2221
11368,7894,7310,8072,20047,0.4437250554323725,37360.08394963022,1,0,0,0,2559,514,214,3073
11369,1428,1648,1876,4201,0.5789849892780558,45303.27428878153,1,0,0,0,852,592,246,1444
11370,1279,1259,1225,3273,0.4974435449510013,52810.49250535332,1,0,0,0,280,174,72,454
11372,3806,3812,3443,9683,0.5135744242623245,55456.262714327226,1,0,0,16,1535,216,106,1767
11373,5489,5756,6613,15212,0.5095597263637959,43863.54943583859,1,0,0,0,3112,246,102,3358
11374,2728,2597,2213,6652,0.4956595384289646,68042.50320375909,0,0,0,0,1583,268,111,1851
11375,4351,4030,3573,10524,0.4668138063075041,89112.78837937908,0,0,0,0,1115,262,109,1377
11377,5206,4229,4795,12312,0.5281856122883061,52190.35698737484,1,0,0,0,2872,174,72,3046
11378,2367,1798,2714,5793,0.4652229299363057,60131.43483023002,0,0,0,0,596,36,15,632
11379,1687,1989,2611,5242,0.4754188337994302,72842.22100054976,0,0,0,0,1512,106,44,1618
11385,6027,5392,6318,15209,0.4682480264591882,56635.8024691358,1,0,0,0,2368,622,259,2990
11411,922,746,1227,2404,0.487130198321534,61994.70644850818,0,0,0,0,553,192,80,745
11412,2110,1945,2176,5360,0.4769295198679575,53815.85743801653,1,0,0,0,1256,418,174,1674
11413,2123,2195,3073,6161,0.4780067808708065,58580.26131591227,1,0,0,0,1753,556,231,2309
11414,2164,2086,1498,5148,0.44017910054652,76196.70905011219,0,0,0,0,714,114,47,828
11415,1176,1040,946,2783,0.4636967757814423,71841.82590233546,0,0,0,0,16,47,19,63
11416,1734,1714,1866,4567,0.4695257969345902,44281.6091954023,1,0,0,0,343,234,97,577
11417,2023,2163,2205,5509,0.5,53020.833333333336,1,0,0,0,604,234,97,838
11418,2366,2121,2489,5980,0.4809875512174753,50623.98263700488,1,0,0,0,1304,306,127,1610
11419,1957,2118,2587,5627,0.5326846307385229,43174.27790788446,1,0,0,0,814,276,115,1090
11420,2487,2196,2617,6253,0.4770003714347154,50056.3524590164,1,0,0,0,1481,414,172,1895
11421,2399,2113,2335,5913,0.504909510974201,48021.92564346997,1,0,0,0,878,432,180,1310
11422,1301,1665,1967,4146,0.5034679217240525,58648.52398523985,1,0,0,0,706,492,205,1198
11423,1260,1534,1526,3709,0.50867283847465,54796.32063074902,1,0,0,0,341,148,61,489
11426,1244,750,1027,2610,0.4814270511326204,70276.31578947368,0,0,0,0,663,48,20,711
11427,1840,1005,1325,3640,0.4696867431611545,65363.48267117498,0,0,0,0,364,54,22,418
11428,975,667,939,2205,0.5098701033036719,56970.91273821464,1,0,0,0,449,96,40,545
11429,1097,1137,1574,3178,0.4711797450170587,52782.01219512196,1,0,0,0,133,224,93,357
11432,4178,3487,3491,9759,0.4386319785896558,53037.4246186591,1,0,0,0,1507,132,55,1639
11433,2837,2222,2914,6807,0.4464170847806509,44920.7492795389,1,0,0,0,1865,240,100,2105
11434,4219,4424,4094,11099,0.4823853803056525,52329.7354819094,1,0,0,0,2374,851,354,3225
11435,4837,3446,3277,10249,0.4519604409532863,51125.46125461255,1,0,0,0,1507,252,105,1759
11436,912,1297,1284,2979,0.4730900744765562,49839.10891089109,1,0,0,0,58,198,82,256
11501,1036,1402,871,2960,0.5327983577493701,85836.25218914186,0,78,165,448,218,24,701,933
11507,255,372,391,861,0.5484460694698354,100000.0,0,0,0,0,213,0,0,213
11510,1620,1674,2210,4620,0.542343883661249,79843.58569926393,0,40,114,195,764,450,536,1563
11514,286,400,522,999,0.503968253968254,89222.44094488189,0,24,56,42,154,0,122,276
11516,430,700,806,1613,0.3952662721893491,92140.71856287424,0,0,41,99,4,12,145,156
11518,556,498,687,1466,0.5731494074217991,91313.55932203388,0,32,90,166,184,0,288,472
11520,2396,2322,3146,6605,0.5564221410107852,59671.60592711253,1,37,163,432,729,1448,1235,2809
11530,1348,2180,1923,4681,0.5293012372815259,118536.503683858,0,16,58,177,408,12,256,671
11542,1403,1588,1383,3820,0.4976800137480667,73920.92541436464,0,32,162,495,728,36,704,1453
11545,372,479,1229,1588,0.5096121975472323,111361.78861788617,0,32,58,121,474,24,221,709
11548,20,31,99,110,0.3228699551569506,91840.27777777778,0,0,72,151,40,0,223,263
11550,4015,4030,3891,10379,0.4964726049976923,48862.8818061089,1,34,78,331,1102,1217,950,2762
11552,1522,1907,1842,4534,0.5099258917943401,81212.34939759035,0,0,59,231,258,270,402,818
11553,2137,1599,1606,4699,0.5443591766477802,50782.27931488801,1,5,40,110,485,842,505,1482
11554,2192,1994,2237,5528,0.5434664640764054,86064.6530204693,0,32,102,272,460,96,446,962
11557,448,585,517,1343,0.4933655006031363,101589.24205378973,0,8,12,167,155,48,207,390
11558,496,393,320,1081,0.5323325635103926,79934.9240780911,0,6,16,35,155,60,82,272
11559,597,482,991,1673,0.4306000916170407,99867.02127659574,0,48,286,395,4,12,734,745
11560,363,352,603,1076,0.4784892801363055,102707.71513353116,0,16,31,10,48,12,62,117
11561,1651,1422,1406,3916,0.5026448200232229,93640.9137577002,0,21,90,262,233,48,393,654
11563,1273,816,1469,2970,0.5259578326909998,89795.25862068965,0,63,154,464,471,96,721,1248
11565,644,357,530,1319,0.5336735826029069,103404.36590436591,0,8,56,110,125,24,184,323
11566,2196,2465,1755,5714,0.5389098186955498,105126.97979246314,0,105,218,674,983,108,1042,2088
11568,58,205,185,374,0.4166666666666667,120575.84269662922,0,16,108,146,21,0,270,291
11570,1520,1729,1853,4360,0.509518080815229,105026.04166666666,0,0,120,396,77,60,541,653
11572,1340,1651,2007,4195,0.5440405860952572,94654.90797546013,0,76,183,537,177,174,868,1147
11575,1720,1414,1134,3814,0.5135587896555335,48674.82161060143,1,40,72,192,610,472,500,1386
11576,463,767,709,1655,0.5261474492243723,122264.4376899696,0,12,97,409,8,36,533,562
11577,437,851,1274,2052,0.5016533591418663,106933.27974276528,0,40,146,255,154,72,471,667
11579,316,582,272,1061,0.5057289608850257,108300.78125,0,0,0,20,108,12,25,140
11580,1327,1724,2477,4537,0.5380680247027376,73163.81156316918,0,31,83,155,533,207,355,1009
11581,1257,1535,1824,3886,0.5010979358805446,86985.10078878177,0,12,28,116,214,192,236,562
11590,3040,2882,2782,7591,0.5478509311588914,70964.97906357062,0,32,88,356,551,726,778,1753
11596,568,779,710,1773,0.532319391634981,100491.07142857143,0,8,44,98,103,0,150,253
11598,1098,1634,1427,3588,0.4135985135228133,110045.75707154744,0,0,45,254,69,24,309,392
11691,6048,5329,6490,15271,0.3319832302991544,47078.33904109589,1,0,0,0,2155,725,302,2880
11692,1708,1985,2433,5152,0.369752684672958,50110.01100110011,1,0,0,0,673,290,120,963
11693,681,663,867,1864,0.4300044254314795,61620.92624356775,0,0,0,0,316,12,5,328
11694,1366,1299,1609,3630,0.4071048283458784,84441.93912063134,0,0,0,0,722,30,12,752
11701,1272,1344,1678,3622,0.5535624596398077,63933.89500972133,0,16,36,239,96,288,411,675
11702,791,657,523,1761,0.5561093705497009,98351.47247119078,0,16,43,120,158,36,194,373
11703,831,1094,1309,2710,0.552429080050534,76169.43866943866,0,0,0,0,1005,96,40,1101
11704,1816,1769,2255,4938,0.5428521117903051,71373.95736793327,0,16,65,102,507,282,300,972
11705,402,404,506,1109,0.5303841122606731,97813.90134529148,0,16,31,67,92,12,119,218
11706,4057,4504,4661,11357,0.5266133838653972,62169.90713871155,0,32,106,747,1103,420,1060,2408
11709,184,340,341,728,0.5530090196658288,93114.97326203209,0,0,0,0,46,6,2,52
11710,1714,2453,2557,5701,0.5195994277539342,96386.2885462555,0,44,138,397,584,94,618,1257
11713,445,332,570,1119,0.6378439079169006,66791.37323943662,1,0,12,33,126,42,62,213
11714,1199,1401,1215,3329,0.5605061486366066,83813.59300476947,0,23,109,206,340,120,388,798
11715,122,291,194,529,0.6339144215530903,100052.08333333334,1,0,0,0,40,0,0,40
11716,635,508,558,1477,0.5677982926345047,83194.93006993007,0,40,83,182,367,48,325,720
11717,3967,3941,4202,10429,0.5270205790453909,46812.93808411215,1,16,34,531,735,1050,1018,2366
11719,190,193,250,533,0.4631997726626882,90184.0490797546,0,0,0,101,21,0,101,122
11720,1594,1127,2187,4033,0.5230705991162264,78700.06548788474,0,16,36,64,331,36,131,483
11721,331,216,321,739,0.5236717917491247,110901.16279069768,0,0,9,155,24,0,164,188
11722,2433,1924,2800,6037,0.5632966083387341,51929.53020134228,1,0,10,33,553,266,153,862
11724,241,278,178,625,0.5880306193458594,121079.88165680472,0,12,24,41,51,0,77,128
11725,1462,1405,2013,4074,0.5338437445623804,98549.54367666232,0,133,258,881,629,36,1287,1937
11726,1616,1016,1890,3766,0.5399156806745546,55373.63560033585,1,0,0,57,171,274,171,502
11727,1772,1675,1404,4289,0.5236542684143989,71013.34180432021,0,32,84,258,144,96,414,614
11729,1226,1042,1788,3340,0.5994437763078774,72742.94670846395,0,16,58,81,180,186,232,521
11730,687,762,649,1838,0.5597120271033315,91819.0416141236,0,8,24,63,0,0,95,95
11731,1908,1900,1614,4776,0.5235397538581754,94574.00497512438,0,40,129,258,144,6,429,577
11733,763,987,1236,2491,0.5195330559408229,107341.49054505004,0,24,92,540,34,6,658,696
11735,1526,1460,1707,4010,0.5428536495904145,82861.76801801802,0,80,204,378,306,108,707,1076
11738,1466,1069,1249,3284,0.4388105792698112,76660.04540295119,0,40,58,190,141,48,308,477
11740,478,773,672,1654,0.4368755676657584,97479.20997921,0,24,36,103,103,6,165,272
11741,1605,1629,1728,4270,0.5309061957151129,84909.67961826858,0,40,52,127,345,36,234,600
11742,828,865,621,2065,0.5197798929208804,82993.56223175966,0,43,84,96,258,0,223,481
11743,1502,2173,2895,5412,0.5484875552229438,103036.97183098592,0,76,339,793,514,36,1223,1758
11746,3390,4246,4013,10043,0.5274670056012888,82848.83720930232,0,64,169,1174,541,120,1457,2068
11747,931,1063,1022,2607,0.5799540933435348,104056.72823218998,0,48,271,536,86,12,860,953
11749,179,212,199,510,0.54652466367713,69871.79487179487,0,22,43,42,133,6,109,246
11751,677,602,608,1643,0.5918080142211688,85309.76220275344,0,0,12,82,139,24,104,257
11752,365,520,674,1289,0.5881711043212571,79730.98330241187,0,32,80,269,35,42,398,458
11753,594,977,1131,2249,0.492855505463437,112131.78294573644,0,16,24,43,194,12,88,289
11754,1023,1204,750,2677,0.5371385166295914,92297.9797979798,0,56,108,158,194,24,332,540
11755,462,733,1090,1849,0.528338922057741,86842.1052631579,0,0,0,0,263,30,12,293
11756,2355,1632,2241,5331,0.5461739560517205,82007.33074601121,0,46,101,812,278,146,1019,1383
11757,2375,1982,2899,6096,0.5399050618872278,73587.71569433031,0,48,95,380,413,262,632,1198
11758,2967,2744,2458,7185,0.5440859024741241,94409.12173618175,0,123,278,531,751,143,991,1826
11762,1328,1170,1249,3247,0.5320855614973262,100554.85762144052,0,0,0,0,410,24,10,434
11763,1316,2141,1782,4526,0.5210818074920208,71437.78207607995,0,56,141,445,183,114,689,939
11764,429,716,946,1712,0.5113681063645661,97788.46153846152,0,40,68,213,237,0,321,558
11765,39,30,82,118,0.480225988700565,123161.76470588236,0,0,0,0,72,0,0,72
11766,478,733,845,1718,0.5663994423143952,99173.07692307692,0,30,82,129,64,12,246,317
11767,642,973,831,2113,0.5154212378389568,94879.51807228915,0,16,44,65,71,12,130,208
11768,829,945,1296,2551,0.5320395631181737,107389.8678414097,0,38,128,396,330,18,569,910
11769,337,337,399,913,0.5594097566347318,93971.4566929134,0,16,48,72,21,0,136,157
11771,881,494,382,1604,0.520460866110449,101956.106870229,0,8,24,34,154,0,66,220
11772,2473,2274,2455,6220,0.516043665233212,71971.15384615384,0,56,157,465,240,36,693,954
11776,1148,1278,2021,3638,0.5493594261785314,74745.28301886792,0,8,20,46,26,78,106,178
11777,367,452,646,1206,0.5347304742357135,99267.67676767678,0,30,58,109,51,0,197,248
11778,887,684,981,2159,0.5289692701664532,79538.57791225417,0,24,48,45,182,6,119,305
11779,2081,2054,2370,5557,0.5293113261240752,76973.36265884654,0,56,176,1025,389,130,1311,1776
11780,549,758,1079,1954,0.5301914580265096,100317.02898550723,0,0,11,28,121,12,44,172
11782,796,1103,954,2471,0.5544895123403693,97106.20525059666,0,0,0,100,263,36,115,399
11783,911,1281,1190,2906,0.5233619273590071,97231.90932868353,0,20,68,259,196,58,371,601
11784,1677,1393,1551,4000,0.5168141592920354,70300.6088280061,0,16,32,51,308,54,121,461
11786,228,435,644,1049,0.507699344412258,96996.996996997,0,8,26,57,64,18,98,173
11787,1410,1619,2080,4277,0.530690537084399,97898.41182913473,0,144,237,384,697,0,765,1462
11788,1049,786,812,2322,0.5188928718340483,94110.9852774632,0,64,139,370,107,18,580,698
11790,682,710,651,1782,0.3640701172077585,98005.698005698,0,32,76,172,16,0,280,296
11791,1063,2228,2352,4702,0.4904217549061683,110700.07955449482,0,70,255,741,386,36,1081,1488
11792,411,542,373,1176,0.5165794066317626,97381.75675675676,0,16,32,95,112,12,148,267
11793,1568,1929,2087,4749,0.5511096711485501,98794.82657260436,0,52,97,403,253,21,560,826
11795,1409,1209,1520,3530,0.5153996101364522,95215.58245083208,0,16,64,476,130,20,564,706
11796,214,180,233,533,0.4996096799375488,92317.70833333334,0,0,0,0,55,0,0,55
11797,570,726,271,1458,0.5454743018580898,118949.203187251,0,48,160,562,55,0,770,825
11798,1116,1257,1630,3351,0.5028602560610188,52085.59046587216,1,5,7,91,607,84,138,794
11801,1580,2066,2380,5074,0.5587723687659352,72526.65245202558,0,24,89,618,422,274,845,1427
11803,1406,2176,2057,4816,0.5030034985807644,107390.09186351708,0,155,346,924,443,24,1435,1892
11901,2260,1153,1298,4191,0.4416950201051655,59593.837535014005,1,39,91,352,338,96,522,916
11933,273,255,414,776,0.5433691756272402,76187.33509234828,0,0,0,0,119,6,2,125
11934,532,600,500,1432,0.5592697351504242,87873.5632183908,0,16,37,82,119,24,145,278
11935,43,186,104,291,0.6919564453811029,99111.67512690356,1,8,19,11,40,0,38,78
11937,1328,1107,1107,3099,0.4681558935361217,88515.22842639594,0,0,70,53,500,0,123,623
11940,268,333,412,848,0.5346027096301721,90025.68493150684,0,0,0,0,151,0,0,151
11941,119,174,107,357,0.5816285599679102,94310.3448275862,0,0,0,0,4,12,5,16
11946,940,602,1082,2191,0.4669749386310441,72249.38875305624,0,0,0,44,63,6,46,113
11948,14,28,32,61,0.99,89642.85714285713,1,0,0,70,0,0,70,70
11949,575,354,1065,1568,0.5904198878278005,85349.80744544289,0,0,0,121,8,0,121,129
11950,1125,1035,1224,2894,0.5171255876427132,58840.02361275089,1,0,0,46,164,136,102,346
11951,1224,952,1349,2985,0.4576123989578462,57116.78832116789,1,0,0,107,20,60,132,187
11953,691,723,810,1900,0.5196700970732063,69662.92134831462,0,32,93,439,159,36,579,759
11954,255,220,202,596,0.6200832947709394,82229.4776119403,1,8,23,28,0,0,59,59
11955,267,65,44,358,0.5950297514875744,75441.17647058824,0,20,33,57,0,0,110,110
11961,416,576,902,1533,0.5591954898674387,75357.62942779291,0,0,0,0,74,24,10,98
11963,326,663,384,1219,0.4961515689757252,99940.33412887828,0,0,0,0,108,0,0,108
11967,1259,1794,1759,4108,0.513030528667163,65339.25979680697,0,0,0,116,183,216,206,515
11968,536,668,826,1699,0.4396975702855465,93614.3572621035,0,24,36,163,0,0,223,223
11971,365,494,511,1165,0.5074769328666878,93495.29780564262,0,0,0,132,40,0,132,172
11977,180,218,136,479,0.4789833822091887,95238.09523809524,0,16,55,50,0,0,121,121
11978,101,220,212,448,0.5316200554295792,87203.79146919432,0,0,40,135,60,12,180,247
11980,339,58,266,556,0.5968118195956454,84609.12052117265,0,16,36,470,75,0,522,597
12009,420,508,503,1229,0.4806536890170632,86375.0,0,0,0,0,70,18,7,88
12010,1517,1763,1714,4308,0.5012310292874729,56250.00000000001,1,32,96,483,404,54,633,1069
12018,477,419,352,1107,0.5493150684931507,83821.6957605985,0,0,0,0,50,18,7,68
12019,602,917,964,2097,0.5530104712041884,93461.53846153848,0,0,0,0,160,84,35,244
12020,1087,2374,2021,4673,0.5192213126609008,77806.40668523677,0,104,194,500,417,120,848,1335
12022,48,124,36,193,0.394990366088632,64329.26829268293,0,0,0,0,20,0,0,20
12027,247,130,482,666,0.4877474081055608,92149.75845410628,0,16,36,52,23,6,106,133
12028,56,132,55,221,0.5268022181146026,67105.26315789473,0,0,0,0,4,12,5,16
12033,316,378,349,903,0.5353403141361257,80378.97310513447,0,8,24,145,150,0,177,327
12037,228,152,240,524,0.4530982120989468,68581.08108108108,0,0,0,0,68,0,0,68
12043,255,386,303,822,0.4288120222826791,61367.06948640484,0,24,60,122,99,12,211,317
12047,1174,1810,1454,3856,0.4846949727385909,65744.02125775022,0,29,47,230,205,54,328,565
12051,262,155,257,571,0.2892561983471074,68071.42857142857,0,0,0,22,30,0,22,52
12053,125,205,309,515,0.5196332000940512,81278.28054298642,0,0,8,48,62,6,58,124
12054,716,807,1308,2307,0.5330979699911739,97130.24282560706,0,48,53,138,439,12,244,690
12056,62,71,151,223,0.5569245933957615,81526.54867256638,0,24,36,38,7,0,98,105
12057,133,75,61,244,0.4106159238858287,63414.63414634147,0,0,0,0,4,12,5,16
12061,779,574,582,1702,0.4931722173101483,85931.27490039842,0,24,60,104,190,24,198,402
12065,2435,3034,2348,6877,0.5226308821219398,83914.7702876771,0,253,389,945,945,96,1627,2628
12067,52,93,130,223,0.5078929306794784,75844.5945945946,0,0,0,0,4,12,5,16
12068,63,182,236,386,0.5261060183339976,60037.878787878784,0,0,0,0,168,24,10,192
12074,197,132,147,417,0.5074424898511503,77166.66666666666,0,0,0,0,25,12,5,37
12077,549,344,281,1061,0.5168838862559242,94878.223495702,0,6,27,56,77,6,91,172
12078,1200,1310,1611,3476,0.432509505703422,52572.427572427565,1,8,19,209,391,29,248,656
12083,167,271,382,667,0.4974358974358974,70489.69072164949,0,6,12,18,79,24,46,139
12084,287,359,310,832,0.4714933912014204,77405.85774058578,0,0,0,0,140,0,0,140
12085,0,0,22,13,0.6666666666666666,46323.52941176471,1,16,19,19,20,0,54,74
12086,59,7,95,123,0.5825242718446602,68489.58333333334,0,8,22,35,48,24,75,137
12090,454,450,368,1124,0.4773434797647872,60552.536231884056,0,8,8,60,0,0,76,76
12093,53,18,63,108,0.5270758122743683,59760.27397260274,1,0,0,0,4,12,5,16
12095,626,650,750,1726,0.4449388209121245,58839.285714285725,1,28,44,96,278,60,193,506
12110,809,859,1146,2355,0.5495340356564019,78732.71889400922,0,88,153,352,170,54,615,817
12116,54,77,108,195,0.5921539600296077,60156.25,0,0,0,0,2,6,2,8
12117,128,80,138,290,0.5486008836524301,63087.24832214764,0,0,0,15,2,6,17,23
12118,994,734,910,2274,0.5127740532705201,77311.542991755,0,23,21,78,242,12,127,376
12120,36,29,21,77,0.4251968503937008,65277.77777777777,0,0,0,0,2,6,2,8
12122,137,97,161,330,0.5411436541143654,61082.47422680413,0,0,0,40,106,18,47,164
12123,346,238,243,729,0.534629404617254,74100.37878787878,0,8,24,38,84,6,72,160
12134,178,202,204,502,0.4321561338289962,67809.13978494624,0,0,0,0,80,0,0,80
12136,9,20,0,29,0.5443037974683544,92151.16279069768,0,0,0,0,4,12,5,16
12137,82,109,204,313,0.4373464373464373,73174.1573033708,0,0,0,0,2,6,2,8
12138,116,117,179,340,0.4962354551676933,66637.93103448275,0,0,0,0,4,12,5,16
12140,97,26,48,151,0.623229461756374,83096.59090909091,1,0,0,0,46,6,2,52
12143,216,211,263,584,0.4464449751975013,66666.66666666666,0,0,0,84,8,24,94,116
12144,1223,1148,972,2954,0.5062362435803375,69984.14855072463,0,40,81,173,180,60,319,534
12148,161,169,262,487,0.565088080530771,100809.71659919027,0,0,0,0,62,6,2,68
12149,103,117,170,322,0.4755434782608695,56071.42857142857,1,0,0,0,40,0,0,40
12151,53,26,71,121,0.6084959816303099,88207.54716981133,1,0,0,0,2,6,2,8
12154,98,87,172,288,0.524822695035461,73817.56756756757,0,0,0,0,50,18,7,68
12155,19,87,157,200,0.4519450800915331,55696.20253164557,1,0,0,44,6,18,51,68
12157,262,295,257,711,0.4263226934849147,65000.0,0,24,49,58,104,12,136,247
12158,228,401,372,852,0.5508684863523573,79466.96696696695,0,8,10,16,60,18,41,112
12159,316,262,537,900,0.5448458963407595,103389.83050847458,0,32,36,50,0,0,118,118
12160,63,35,17,108,0.539568345323741,66944.44444444444,0,0,0,0,2,6,2,8
12167,95,63,120,230,0.4515327257663629,57339.4495412844,1,0,0,0,4,12,5,16
12170,334,203,295,714,0.4803827751196172,73207.17131474103,0,0,0,62,91,6,64,159
12180,2236,2240,2322,5869,0.4441801252625123,61354.60251046026,0,126,246,601,692,144,1033,1809
12182,635,965,1380,2428,0.4753211629479378,56774.53769559033,1,24,28,176,332,66,255,626
12183,246,87,111,399,0.5020215633423181,57634.22818791946,1,0,0,0,4,12,5,16
12184,347,437,404,1026,0.4774972557628979,78053.16091954023,0,14,22,56,120,18,99,230
12186,240,277,291,691,0.5391304347826087,93621.70087976538,0,7,12,30,170,6,51,225
12187,21,21,15,51,0.5420827389443652,60197.36842105263,0,0,0,0,4,12,5,16
12188,465,576,696,1458,0.4993542832544124,73362.06896551725,0,21,21,28,52,24,80,146
12189,964,839,1511,2709,0.4929310438221115,61428.57142857143,0,8,40,206,194,90,291,538
12190,41,32,21,85,0.5772230889235569,60472.97297297298,0,0,0,0,4,12,5,16
12196,162,497,296,836,0.3869499241274658,85947.71241830065,0,0,5,22,64,0,27,91
12197,75,53,84,178,0.5125576627370579,65500.0,0,0,0,0,10,30,12,40
12198,236,216,646,839,0.5608391608391609,80112.21945137157,0,0,0,63,6,18,70,87
12202,798,228,586,1377,0.4247422680412371,37166.26213592233,1,0,0,54,205,78,86,337
12203,1017,1120,834,2637,0.4527745948600425,72107.73680404916,0,63,142,403,548,72,638,1228
12204,830,568,419,1649,0.4617323556370302,64454.094292803966,0,0,0,0,30,0,0,30
12205,1306,1265,1723,3604,0.5587078226660614,67594.78672985782,0,70,125,321,608,78,548,1202
12206,446,1013,1262,2216,0.4448049753261678,40102.58358662614,1,54,84,311,527,78,481,1054
12207,196,92,24,302,0.4450149764655541,50360.57692307692,1,16,36,149,143,0,201,344
12208,930,770,661,2096,0.4367001037703217,66769.80198019801,0,48,180,411,330,54,661,1023
12209,837,873,376,1935,0.4900738467440299,55650.68493150685,1,48,58,99,273,90,242,568
12210,282,316,375,823,0.4699686012356933,47252.15517241379,1,64,86,325,188,44,493,707
12211,798,531,683,1738,0.4579749509582013,98887.97364085668,0,24,40,115,104,48,199,331
12302,1486,1739,1812,4312,0.5172846140068064,76791.89750692522,0,55,74,309,272,66,465,776
12303,1262,1843,2155,4398,0.514487870619946,67943.68041912247,0,40,114,281,335,186,512,956
12304,1310,1278,1279,3355,0.476233961919547,52301.05465004794,1,56,135,454,178,138,702,961
12305,245,57,171,404,0.333718578445536,50378.78787878788,1,32,42,119,43,0,193,236
12306,1809,1638,1169,4148,0.5224445646295295,65381.29744651483,0,24,44,288,91,138,413,585
12307,553,594,633,1526,0.3815337657382678,30083.33333333333,1,0,0,0,110,174,72,284
12308,796,689,478,1771,0.4496415396394515,49206.65634674922,1,25,29,129,80,54,205,317
12309,2383,2209,2071,5834,0.4704188167526701,92123.72448979592,0,64,160,248,509,114,519,1095
12401,2148,1992,2119,5411,0.4795378223006432,62344.213649851634,0,32,101,389,244,132,577,898
12404,198,178,252,527,0.4477225672877847,77456.64739884392,0,0,0,0,80,0,0,80
12405,17,0,9,22,0.5636363636363636,58064.51612903226,1,0,0,0,2,6,2,8
12406,1,0,9,6,0.5084745762711864,60000.0,1,0,0,34,0,0,34,34
12413,75,49,416,373,0.4675572519083969,57397.95918367347,1,8,12,38,22,6,60,86
12414,561,205,391,1000,0.4769001490312965,62656.25,0,0,0,0,174,42,17,216
12419,83,48,34,151,0.3859250851305335,79411.76470588235,0,0,0,0,2,6,2,8
12428,153,322,530,793,0.3910693970420933,53636.36363636363,1,0,0,59,54,42,76,155
12431,107,117,64,262,0.4336043360433604,68593.75,0,0,0,0,2,6,2,8
12434,85,87,33,191,0.3150406504065041,50000.0,1,0,0,0,2,6,2,8
12443,181,186,75,412,0.5750977107761027,84951.45631067961,0,16,42,61,59,0,119,178
12446,270,163,265,592,0.4965263588067021,69804.5267489712,0,0,0,0,4,12,5,16
12449,100,134,86,285,0.5136235515189477,61432.9268292683,0,12,32,59,110,30,115,243
12451,64,29,13,100,0.8333333333333334,61925.28735632184,1,0,0,0,2,6,2,8
12455,46,79,187,237,0.430939226519337,65705.1282051282,0,0,0,0,2,6,2,8
12457,99,30,52,160,0.2883865939204988,77027.02702702704,0,0,0,0,4,12,5,16
12461,72,16,43,113,0.6272793581327498,77180.23255813953,1,0,0,0,4,12,5,16
12463,22,0,130,100,0.5667412378821775,69243.42105263157,0,0,0,0,0,12,5,12
12464,14,0,45,41,0.4117108874656907,68611.11111111111,0,0,0,16,11,0,16,27
12466,116,104,150,310,0.748792270531401,68709.67741935483,1,0,0,0,83,12,5,95
12477,695,912,989,2200,0.4860699466508595,68445.12195121952,0,25,48,246,173,72,349,564
12484,127,314,92,496,0.4358138155944263,83843.53741496598,0,8,22,57,0,0,87,87
12485,46,129,114,243,0.5752212389380531,64663.46153846154,0,7,12,10,0,0,29,29
12498,66,173,187,351,0.5414847161572053,86895.16129032258,0,0,0,44,0,0,44,44
12501,48,161,95,266,0.4838709677419355,69285.71428571429,0,0,10,16,117,0,26,143
12508,690,949,920,2191,0.4751461988304093,75068.68131868132,0,24,64,257,326,60,370,731
12518,361,288,320,841,0.5101518512199283,88043.47826086955,0,0,36,0,80,0,36,116
12520,60,122,224,316,0.5505181347150259,92352.9411764706,0,16,24,76,50,0,116,166
12521,11,32,114,111,0.4604853764779091,80743.24324324325,0,0,0,18,0,0,18,18
12522,142,194,199,455,0.4963350785340314,65189.87341772152,0,0,0,0,12,36,15,48
12524,615,733,898,1886,0.5291818822474214,83171.91283292978,0,24,35,69,344,18,135,490
12526,83,81,115,233,0.545609548167093,73372.39583333334,0,0,0,0,2,6,2,8
12528,702,867,350,1779,0.5360083844886959,75715.78212290502,0,21,49,155,101,48,245,374
12531,203,105,120,380,0.6254826254826255,87191.35802469136,1,20,24,80,34,0,124,158
12533,1771,1605,2011,4582,0.5150672406567869,92242.97337278108,0,64,199,374,151,42,654,830
12534,676,641,881,1845,0.4502023381294964,63046.1922596754,0,16,24,144,346,36,199,566
12538,502,481,666,1382,0.4834352338973411,71488.97058823529,0,0,25,249,122,65,301,461
12540,568,801,596,1726,0.4227170054856405,92557.25190839695,0,8,21,75,59,24,114,187
12542,271,284,356,768,0.5591985428051002,77728.01302931597,0,16,20,73,58,0,109,167
12545,117,58,295,352,0.493253704932537,86659.19282511211,0,0,0,44,44,12,49,100
12546,122,115,172,340,0.5370370370370371,68362.06896551725,0,0,12,17,0,0,29,29
12547,167,224,284,561,0.500457735733903,71951.21951219512,0,16,24,50,28,24,100,142
12549,420,1005,840,1929,0.5021156558533145,81741.57303370786,0,24,58,284,108,84,401,558
12550,2830,3041,3997,8269,0.4893148509132914,61766.87569162671,0,39,115,587,382,166,810,1289
12553,1145,1664,1605,3772,0.5056733189828159,72709.23520923521,0,92,146,459,166,82,731,945
12561,563,586,755,1602,0.4041685046316718,79791.95088676672,0,32,87,103,90,66,249,378
12563,177,278,444,721,0.4914835522038747,75992.06349206349,0,0,12,69,133,18,88,232
12564,342,545,506,1190,0.4688311688311688,86391.96675900277,0,24,32,67,13,6,125,142
12565,164,26,52,221,0.4618345093008338,54513.88888888888,1,0,0,18,0,0,18,18
12566,630,822,503,1753,0.4489401144515193,72868.04308797127,0,0,0,63,55,30,75,148
12569,546,491,603,1398,0.5414974487139436,79254.80769230769,0,8,21,21,122,24,60,196
12570,509,294,534,1123,0.5344503827820309,90675.67567567568,0,0,0,0,48,24,10,72
12571,272,534,587,1158,0.5208446128857607,81003.11850311852,0,0,24,34,92,42,75,192
12572,142,519,355,874,0.5028534510606224,91622.0556745182,0,0,23,79,103,12,107,217
12575,81,28,59,144,0.8017676767676768,87204.72440944883,1,0,0,0,6,18,7,24
12577,54,40,56,127,0.7280927835051546,88053.09734513274,1,0,0,0,4,12,5,16
12578,30,81,98,169,0.5458823529411765,87068.96551724138,0,0,0,0,8,24,10,32
12580,199,208,208,531,0.4126426690079016,82114.36170212766,0,0,0,0,6,18,7,24
12581,157,74,79,278,0.5095541401273885,81610.57692307692,0,0,0,40,2,6,42,48
12582,161,207,343,573,0.3858625162127108,92489.49579831932,0,0,0,0,16,48,20,64
12583,39,96,114,203,0.6004366812227074,72045.45454545453,1,0,0,0,4,12,5,16
12585,22,24,12,53,0.5344418052256532,90000.0,0,0,0,0,4,12,5,16
12586,879,765,953,2215,0.5163255741290423,70612.70801815431,0,0,0,93,56,48,113,197
12589,1034,1016,1037,2672,0.3676470588235294,73003.47222222222,0,0,0,20,172,96,60,288
12590,1286,1332,2062,3855,0.5239569752281616,77961.3789528253,0,36,101,381,248,131,572,897
12594,58,62,228,256,0.4979353898469759,69268.29268292684,0,12,61,141,37,0,214,251
12601,2394,2114,2567,6048,0.4337161589069986,56388.742071881614,1,64,198,662,350,192,1004,1466
12603,2177,2105,2054,5514,0.5268269572426862,79648.15647482015,0,74,138,393,390,286,724,1281
12701,695,582,713,1704,0.4121143958868895,49512.67056530213,1,0,68,219,367,36,302,690
12719,47,21,0,68,0.4151943462897526,77127.65957446808,0,8,7,0,0,0,15,15
12721,742,492,638,1616,0.4115853658536585,66358.02469135802,0,0,0,0,4,12,5,16
12723,15,56,75,116,0.4279279279279279,70394.73684210527,0,0,0,0,2,6,2,8
12725,25,21,30,64,0.4334365325077399,71428.57142857142,0,0,0,0,6,18,7,24
12726,129,78,54,239,0.3905674281503316,70283.01886792453,0,0,0,0,2,6,2,8
12729,174,87,34,281,0.5788712011577424,59218.75,1,0,0,0,40,0,0,40
12732,19,35,23,67,0.4578313253012048,71381.57894736841,0,0,0,0,2,6,2,8
12737,91,87,111,244,0.5415384615384615,73437.5,0,0,0,0,44,12,5,56
12738,0,23,48,51,0.3342618384401114,54166.66666666666,1,0,0,0,2,6,2,8
12740,66,98,89,217,0.5545722713864307,71542.55319148935,0,0,0,0,62,6,2,68
12742,0,0,0,0,0.7731958762886598,60000.0,1,24,36,38,0,0,98,98
12747,57,189,157,340,0.3603158933859822,59417.80821917808,1,0,0,0,2,6,2,8
12748,10,85,107,159,0.508280982295831,69241.57303370787,0,0,0,0,2,6,2,8
12754,687,829,528,1832,0.391025641025641,50901.63934426229,1,12,24,53,412,48,109,549
12758,252,286,88,590,0.464091262639357,66759.77653631286,0,0,0,149,0,0,149,149
12762,0,0,23,13,0.7428571428571429,62980.769230769234,1,0,15,9,0,0,24,24
12764,42,103,67,185,0.4670169293636894,77500.0,0,0,0,0,2,6,2,8
12771,720,625,999,1944,0.448318804483188,60223.76543209877,0,15,21,183,130,60,244,409
12775,143,83,98,284,0.5618431689571544,80125.89928057554,0,8,12,12,9,0,32,41
12788,66,158,107,288,0.3731080605420626,60259.43396226414,0,30,42,128,2,6,202,208
12789,142,173,90,369,0.3553082191780822,57078.31325301205,1,0,0,0,4,12,5,16
12790,233,181,231,552,0.5655466161855183,63912.133891213394,0,0,0,22,92,0,22,114
12791,13,0,187,125,0.4492753623188406,69354.83870967742,0,0,0,0,8,24,10,32
12801,793,907,834,2200,0.5103700691337942,55660.690571049134,1,40,47,164,136,23,260,410
12803,526,571,416,1346,0.5233348436792026,60254.329004329,0,0,0,0,274,48,20,322
12804,1230,1373,1301,3383,0.5092609242941917,72351.69491525424,0,72,141,253,285,60,491,811
12809,211,189,220,532,0.4485049833887043,64891.975308641966,0,0,0,0,8,24,10,32
12814,17,14,33,50,0.7312775330396476,75000.0,1,0,0,0,20,0,0,20
12816,118,235,296,530,0.4604409857328145,64906.103286384976,0,0,10,30,44,0,40,84
12817,41,133,9,179,0.5996924654023578,69871.79487179487,0,8,0,39,0,0,47,47
12821,6,16,19,33,0.0588730025231286,48214.28571428571,1,0,0,0,2,6,2,8
12822,423,286,343,914,0.4741935483870967,58248.299319727885,1,0,0,0,48,12,5,60
12828,340,369,587,1061,0.4984358706986444,59544.97907949791,1,8,20,174,74,12,207,288
12831,1224,1395,816,3108,0.4929577464788732,80080.28792912513,0,39,23,39,78,114,148,293
12832,255,413,327,864,0.4239901325932778,59000.000000000015,1,0,0,0,18,54,22,72
12833,311,262,314,761,0.4337855914389451,77312.77533039649,0,0,0,19,4,12,24,35
12834,281,363,311,830,0.5174892189746046,68557.0987654321,0,0,0,0,54,30,12,84
12839,461,869,717,1760,0.4577157802964254,53095.2380952381,1,0,48,54,91,150,164,343
12842,26,21,34,67,0.8652482269503546,61065.5737704918,1,0,0,0,4,12,5,16
12845,210,135,264,503,0.5707413076754866,73563.2183908046,0,0,0,0,27,6,2,33
12846,71,207,64,316,0.5226364846870839,62101.91082802547,0,0,0,20,40,0,20,60
12849,31,0,16,40,0.6588235294117647,59821.42857142857,1,0,0,21,4,12,26,37
12865,202,196,120,470,0.4756380510440835,59527.439024390245,1,0,0,0,6,18,7,24
12866,1247,1629,1682,3885,0.5219900548785201,88018.2625863771,0,61,107,277,476,60,470,981
12870,45,128,32,192,0.4911242603550296,65512.048192771086,0,0,0,0,30,0,0,30
12871,184,224,271,570,0.4836788182034787,71120.68965517242,0,0,0,0,6,18,7,24
12883,329,98,121,499,0.4711277882009589,58185.8407079646,1,8,12,59,8,24,89,111
12885,142,414,150,646,0.4828836998413058,51936.61971830986,1,8,22,46,22,24,86,122
12887,370,278,280,816,0.4597457627118644,54550.69124423964,1,0,20,19,8,24,49,71
12901,1288,1268,1454,3428,0.4375443248743486,59593.023255813954,1,26,50,169,234,251,349,730
12903,69,96,129,242,0.5630498533724341,71354.16666666666,0,16,20,145,0,0,181,181
12912,36,103,144,225,0.5583195135433942,55693.0693069307,1,0,0,20,6,18,27,44
12913,37,73,79,157,0.4642525533890436,63000.0,0,8,10,14,16,12,37,60
12914,41,29,84,120,0.3995433789954338,53928.57142857142,1,0,0,0,4,12,5,16
12916,114,188,188,414,0.3957894736842105,53723.404255319154,1,0,0,20,44,0,20,64
12918,88,188,223,409,0.4641350210970464,65495.867768595046,0,0,0,0,8,24,10,32
12919,174,88,97,320,0.5743740795287187,58573.71794871794,1,0,0,17,8,24,27,49
12920,142,117,199,378,0.4446274186908193,62847.22222222223,0,0,0,0,44,0,0,44
12921,298,192,181,598,0.4355400696864111,66000.0,0,0,0,15,58,24,25,97
12923,35,40,9,80,0.4940711462450592,55000.0,1,0,0,0,4,12,5,16
12926,200,129,117,399,0.4,51612.90322580645,1,0,0,0,8,24,10,32
12932,25,50,43,100,0.5963302752293578,61538.46153846153,0,8,12,44,0,0,64,64
12934,82,95,50,207,0.3425229741019214,56097.56097560976,1,0,0,0,2,6,2,8
12935,51,77,114,196,0.4978662873399715,59285.71428571429,1,0,0,18,4,12,23,34
12936,12,30,37,64,0.4769001490312965,67578.125,0,0,0,0,4,12,5,16
12937,76,154,84,280,0.3961748633879781,52370.68965517242,1,0,0,0,4,12,5,16
12941,48,38,133,165,0.384160756501182,65769.23076923077,0,0,0,0,4,12,5,16
12942,13,11,7,28,0.6976744186046512,86805.55555555556,1,16,0,14,0,0,30,30
12943,1,0,9,6,0.7,63095.23809523809,1,0,0,0,2,6,2,8
12944,133,144,408,521,0.4708001029071263,56284.15300546448,1,21,24,74,24,12,124,155
12946,140,330,299,649,0.5655634687892752,69768.51851851851,0,0,0,24,129,48,44,201
12950,27,31,36,79,0.5688622754491018,54276.31578947368,1,0,0,0,8,24,10,32
12953,725,592,419,1568,0.3662838699992494,58555.32786885247,1,24,31,108,96,84,198,343
12956,58,23,67,121,0.4326923076923077,56018.518518518526,1,0,0,20,0,0,20,20
12958,42,117,147,247,0.4975396391470749,58379.120879120885,1,0,0,0,8,24,10,32
12959,71,54,103,186,0.3831891223733004,54838.70967741936,1,0,0,0,2,6,2,8
12960,96,0,15,105,0.6,60648.14814814815,1,0,0,0,4,12,5,16
12962,261,326,322,780,0.5385072262918233,71737.13235294117,0,0,0,0,68,54,22,122
12972,426,504,362,1147,0.4525464604908498,69670.84639498433,0,0,0,0,52,36,15,88
12974,133,53,10,192,0.3310613437195716,55514.70588235294,1,0,0,0,46,8,3,54
12979,139,159,203,419,0.4696132596685083,63025.21008403361,0,8,12,58,58,0,78,136
12981,83,177,225,395,0.4714226115978306,64823.00884955751,0,0,0,0,116,18,7,134
12983,351,429,283,949,0.4716466739367502,66835.26011560694,0,18,25,47,81,30,102,201
12985,5,46,48,79,0.5245901639344263,55468.75,1,0,0,0,10,30,12,40
12986,144,153,529,614,0.4742345033607169,61368.11023622048,0,0,0,56,18,54,78,128
12992,222,189,82,460,0.6359300476947536,60052.083333333336,1,0,0,0,12,36,15,48
12993,42,47,116,158,0.4895960832313341,67500.0,0,0,0,40,46,6,42,92
12996,58,78,94,192,0.4689863842662632,58870.967741935485,1,8,12,15,0,0,35,35
13021,2156,1847,1915,5152,0.4811370882040383,61257.59249033683,0,36,90,628,675,144,814,1573
13027,1913,2244,2676,5762,0.498137277037706,77457.50708215298,0,43,67,178,463,108,333,859
13029,602,562,631,1542,0.4696623508504696,75979.72972972973,0,0,0,0,64,12,5,76
13030,190,339,387,761,0.4915169660678642,65926.39593908629,0,0,0,0,4,12,5,16
13031,880,882,870,2284,0.5577790483450861,77377.56264236901,0,24,45,63,178,36,147,346
13032,554,743,699,1716,0.4603937374050534,61531.98653198653,0,12,17,72,61,60,126,222
13033,204,247,269,612,0.4807429664026222,64630.681818181816,0,0,0,25,134,36,40,195
13035,253,306,511,865,0.464841906559698,87944.16243654823,0,24,46,76,90,0,146,236
13036,486,594,411,1326,0.4800443458980044,64145.49653579677,0,0,0,0,232,6,2,238
13037,494,472,844,1472,0.4674733684972593,71349.5575221239,0,0,12,21,58,72,63,163
13039,982,993,1026,2590,0.5459989432278518,78051.07526881719,0,80,108,167,242,30,367,627
13041,517,891,946,1975,0.499075785582255,78051.3468013468,0,24,60,84,56,78,200,302
13044,228,125,225,488,0.4064771976206213,65650.40650406505,0,0,0,0,67,12,5,79
13045,1262,1423,1012,3292,0.4009660120041197,60163.86182462357,0,80,134,318,340,72,562,944
13052,108,129,61,273,0.476460578559274,61011.90476190476,0,0,0,0,2,6,2,8
13053,321,193,161,610,0.4451982192071231,68630.95238095237,0,24,56,90,4,12,175,186
13054,31,106,129,214,0.5582922824302134,60110.29411764706,0,0,0,0,56,18,7,74
13057,554,591,801,1625,0.5408611905925047,65096.7741935484,0,56,60,163,268,108,324,655
13060,208,90,208,422,0.5053094104723544,63496.3768115942,0,0,0,0,32,29,12,61
13063,30,51,68,121,0.5129716981132075,79597.7011494253,0,0,0,0,44,12,5,56
13066,850,717,553,1898,0.520702634880803,95463.10240963857,0,5,29,121,223,0,155,378
13068,156,290,234,586,0.5420678107994977,66650.57915057914,0,0,0,0,87,42,17,129
13069,1510,1219,1663,3726,0.4679613311660535,56307.1297989031,1,16,22,124,359,42,179,563
13071,71,40,77,157,0.5092592592592593,61931.81818181818,0,0,0,0,4,12,5,16
13073,565,450,328,1211,0.4513355848940743,62925.17006802722,0,8,20,32,52,35,74,147
13074,205,284,259,644,0.4221872894677745,57579.78723404255,1,0,0,0,10,30,12,40
13076,86,196,201,402,0.4552980132450331,68181.81818181818,0,0,0,0,4,12,5,16
13077,218,315,444,799,0.4920252783629251,64487.76758409786,0,0,0,0,74,42,17,116
13078,590,730,824,1814,0.4371031563448974,95289.47368421052,0,0,0,0,6,18,7,24
13080,201,149,151,440,0.4745666382495027,67290.41916167663,0,0,0,0,6,18,7,24
13084,141,210,201,471,0.6024730334122599,74399.56331877729,1,0,0,35,44,12,40,91
13088,888,947,1087,2487,0.5402938760609656,63080.658783783794,0,48,90,255,425,30,405,848
13090,1568,1844,1706,4435,0.5428707742639041,71107.97237915882,0,56,97,143,797,66,323,1159
13092,160,220,347,588,0.392516507703595,60630.84112149532,0,0,0,0,2,6,2,8
13101,115,246,268,521,0.4937759336099585,55777.31092436974,1,0,0,0,30,34,14,64
13104,824,1125,961,2525,0.4661851608667104,97871.31882202304,0,48,60,241,127,42,366,518
13108,160,313,331,671,0.4917250159134309,80582.52427184467,0,8,20,25,84,12,58,149
13112,90,216,57,340,0.5439814814814815,73404.25531914894,0,0,0,0,2,6,2,8
13114,307,454,517,1071,0.4123293226983912,64590.16393442623,0,0,0,0,67,30,12,97
13116,112,277,205,512,0.4901423877327491,69134.07821229051,0,0,12,16,66,18,35,112
13118,182,274,363,673,0.414730683187059,62344.39834024896,0,0,0,37,29,18,44,84
13120,126,87,106,276,0.5184851217312895,49130.434782608696,1,0,0,8,24,12,13,44
13126,1576,1953,1926,4684,0.4002425712553062,63378.09917355371,0,13,47,197,270,102,299,629
13131,168,196,92,419,0.565008025682183,62073.86363636363,0,0,0,0,2,6,2,8
13132,126,144,203,391,0.5350500715307582,65040.10695187165,0,0,0,0,2,6,2,8
13135,523,294,469,1098,0.4907878017789072,64927.18446601942,0,20,20,86,98,20,134,244
13142,236,184,454,692,0.4930509596293845,62835.570469798666,0,0,0,0,14,42,17,56
13143,209,211,203,541,0.5055225148683092,57037.81512605042,1,16,36,54,60,0,106,166
13145,120,132,70,294,0.5203761755485894,58885.5421686747,1,0,0,0,54,12,5,66
13146,135,148,142,368,0.4365808823529412,51973.68421052631,1,0,0,0,6,18,7,24
13148,511,561,571,1414,0.4532891100055279,58866.86991869918,1,14,11,92,82,36,132,235
13152,392,335,537,1049,0.5311688311688312,97463.32518337408,0,16,10,58,114,12,89,210
13155,22,33,29,72,0.4761904761904761,59722.22222222222,1,0,0,0,10,0,0,10
13159,250,217,388,699,0.4920846843410261,78343.02325581395,0,0,0,18,92,36,33,146
13160,105,145,214,378,0.4111405835543766,66532.25806451612,0,0,0,0,14,12,5,26
13164,206,283,205,612,0.4779411764705882,79807.69230769231,0,0,0,0,4,12,5,16
13165,594,432,512,1333,0.5130901061928294,55225.40983606558,1,20,36,28,92,42,101,218
13166,240,307,292,722,0.4515456755817992,62548.07692307693,0,0,0,0,31,17,7,48
13167,127,127,234,394,0.5633802816901409,65178.57142857143,0,0,0,20,0,0,20,20
13202,574,416,399,1229,0.3355613149638521,50203.25203252032,1,48,54,118,14,18,227,252
13203,745,607,1301,2132,0.3683961146647714,43850.48231511254,1,39,52,169,171,96,300,527
13204,1278,1739,1596,3974,0.4102301790281329,39261.22194513716,1,51,56,371,166,245,580,889
13205,1276,1215,1138,3173,0.3951519176490121,38637.95518207283,1,32,37,84,152,287,272,592
13206,1056,1039,889,2628,0.494226051576617,47805.690072639234,1,8,30,20,58,136,114,252
13207,1127,619,789,2219,0.47090112640801,49896.17940199336,1,16,36,101,86,178,227,417
13208,1821,2046,1790,4941,0.410496232787737,38330.696202531646,1,24,66,205,108,222,387,625
13209,917,596,618,1883,0.5132488041910257,57932.69230769231,1,16,20,39,122,36,90,233
13210,926,497,489,1716,0.3296071876305892,49881.14104595879,1,16,16,122,95,64,180,313
13211,306,305,512,918,0.5428954423592494,45949.07407407407,1,0,0,36,10,30,48,76
13212,791,908,1184,2409,0.5160383758116096,59553.99061032864,1,0,0,128,146,114,175,388
13214,456,542,538,1320,0.4191482189010001,75368.6327077748,0,32,48,129,121,48,229,378
13215,762,828,710,2016,0.5077879444017601,85453.92022008254,0,48,68,170,92,18,293,396
13219,924,699,1047,2251,0.5380214694349811,68862.00716845879,0,47,54,77,46,18,185,242
13224,515,565,710,1506,0.4672897196261682,68222.89156626505,0,52,87,344,126,90,520,699
13303,33,56,60,125,0.416988416988417,67592.59259259258,0,0,0,0,2,6,2,8
13304,173,95,96,325,0.484627410109432,79838.70967741935,0,0,0,16,2,6,18,24
13309,260,322,218,712,0.4547803617571059,60937.5,0,0,0,0,8,24,10,32
13315,78,105,72,226,0.405982905982906,61622.80701754386,0,0,0,30,2,6,32,38
13316,296,281,442,842,0.4803788903924222,59419.01408450704,1,0,0,42,6,18,49,66
13317,317,378,347,903,0.4297851074462768,59229.6511627907,1,0,0,0,6,18,7,24
13318,67,45,66,151,0.5681818181818182,57916.66666666666,1,0,0,0,2,6,2,8
13319,0,15,0,15,0.7454545454545455,49085.365853658535,1,0,0,0,2,6,2,8
13323,356,401,431,1015,0.4322482288583983,77645.22821576762,0,16,24,122,114,12,167,288
13326,110,137,163,344,0.5449127288207748,79003.90625,0,24,30,81,60,0,135,195
13327,128,187,203,436,0.452914798206278,56559.405940594064,1,0,0,0,2,6,2,8
13329,156,212,256,521,0.4556962025316455,53163.58024691357,1,0,0,0,14,12,5,26
13332,377,294,196,788,0.3856845031271717,56081.08108108107,1,0,0,0,2,6,2,8
13338,20,98,102,179,0.499194847020934,58870.967741935485,1,0,0,0,2,6,2,8
13339,497,402,431,1157,0.44543063773833,52352.39852398524,1,0,0,0,80,0,0,80
13340,388,477,534,1185,0.5067522396042252,60718.99736147757,0,0,0,8,42,30,20,80
13343,67,79,117,216,0.4676923076923077,60032.8947368421,0,0,0,16,0,0,16,16
13346,185,265,195,567,0.2978859705317104,83400.5376344086,0,24,10,56,44,12,95,146
13348,73,80,95,210,0.3774715398442181,60317.46031746031,0,0,0,0,2,6,2,8
13350,285,369,324,848,0.4022692109334708,53653.84615384616,1,8,33,38,44,12,84,135
13355,116,21,30,155,0.3511852502194907,58437.5,1,0,0,0,4,12,5,16
13357,424,812,777,1702,0.4494709251528977,54724.62203023758,1,0,0,0,34,114,47,148
13365,577,567,801,1624,0.4438395076340395,58366.66666666667,1,0,10,35,85,54,67,184
13367,452,410,487,1154,0.4250172771250864,62567.75067750678,0,16,24,77,96,48,137,261
13368,93,66,53,190,0.4549509366636931,53676.470588235294,1,0,12,18,2,6,32,38
13402,40,37,68,117,0.5979760809567617,56346.15384615385,1,0,0,0,10,0,0,10
13403,558,154,310,898,0.3485254691689008,72621.45748987854,0,0,15,65,26,30,92,136
13407,217,227,352,655,0.4552529182879377,55769.230769230766,1,0,0,0,43,24,10,67
13408,96,126,109,287,0.3369790127106118,57785.08771929824,1,8,24,34,23,0,66,89
13409,50,86,72,179,0.5617408906882592,56081.08108108108,1,0,0,0,84,12,5,96
13411,157,129,99,345,0.5140357273058694,53634.75177304964,1,0,0,17,46,18,24,81
13413,508,620,1462,2005,0.4778282766244933,82005.14138817482,0,40,30,136,132,36,221,374
13416,138,131,151,359,0.4474272930648769,64625.0,0,0,0,0,4,12,5,16
13417,80,82,81,210,0.5575249758298421,53901.73410404624,1,0,0,0,20,0,0,20
13420,22,0,0,22,0.7509157509157509,68445.12195121951,1,0,10,20,11,0,30,41
13421,696,754,758,1904,0.4783386482072023,59024.39024390243,1,24,36,89,181,24,159,354
13424,132,107,82,288,0.4925241864555849,64843.75,0,16,20,60,142,36,111,274
13431,95,118,121,285,0.4538421866941722,70454.54545454546,0,0,0,0,8,24,10,32
13439,244,170,245,561,0.4710632570659488,57785.71428571428,1,0,0,15,0,0,15,15
13440,2211,2410,2320,6013,0.4466236225059469,58172.554347826095,1,0,8,167,306,300,300,781
13441,0,0,0,0,0.5855855855855856,60576.92307692308,0,0,0,84,0,0,84,84
13452,283,244,366,746,0.3918752564628642,54188.48167539267,1,0,0,20,4,12,25,36
13456,255,334,322,782,0.4978627105858687,73232.32323232324,0,0,0,0,4,12,5,16
13459,108,127,172,338,0.458984375,59840.425531914894,1,0,0,20,4,12,25,36
13460,191,248,420,691,0.484509666899604,55228.36538461538,1,0,0,0,14,42,17,56
13461,216,131,175,452,0.5098163394553515,70885.09316770187,0,0,0,0,50,18,7,68
13469,18,70,62,125,0.296127562642369,68589.7435897436,0,0,0,0,4,12,5,16
13473,78,83,129,238,0.301418439716312,60294.117647058825,0,0,0,0,60,0,0,60
13478,162,104,11,272,0.4901315789473684,62332.214765100674,0,0,0,0,52,36,15,88
13480,139,199,269,499,0.4670169293636894,60625.0,0,0,0,0,28,24,10,52
13490,131,45,71,218,0.5927180355630821,66964.28571428571,0,0,0,94,0,0,94,94
13491,228,196,215,553,0.430833117051648,60768.07228915663,0,0,0,18,10,28,29,56
13492,501,687,599,1547,0.5186485300570426,72165.820642978,0,0,0,106,110,30,118,246
13495,143,113,144,342,0.5045651129264777,53690.47619047618,1,0,0,0,8,24,10,32
13501,2668,3022,3314,7678,0.3887726638772664,45715.88725176169,1,64,119,679,511,198,944,1571
13502,2250,1890,2167,5440,0.4234144043342559,51425.59109874826,1,0,18,191,133,144,269,486
13601,2615,2400,2331,6413,0.4202754878430554,55159.83860955928,1,54,100,496,1225,112,696,1987
13605,199,579,467,1058,0.3801558639042007,65062.5,0,0,0,0,103,24,10,127
13606,120,153,193,388,0.5035080478745357,64344.26229508197,0,0,0,17,60,0,17,77
13608,117,121,66,277,0.352035203520352,57617.1875,1,0,0,0,44,6,2,50
13612,94,162,135,337,0.4439511653718091,63020.833333333336,0,0,0,0,24,12,5,36
13613,147,150,76,342,0.4070660522273425,56839.62264150943,1,16,10,31,17,0,57,74
13616,53,44,50,127,0.3822314049586777,48310.81081081081,1,0,0,0,66,18,7,84
13617,453,417,536,1191,0.312603101286704,68436.67546174143,0,24,24,49,108,54,119,259
13619,611,521,803,1613,0.3981176470588235,57978.723404255325,1,24,24,41,326,48,109,463
13620,209,125,243,479,0.4453049370764763,58423.91304347826,1,0,0,31,95,0,31,126
13622,96,161,182,366,0.5491183879093199,67660.5504587156,0,0,0,0,2,6,2,8
13624,222,140,135,443,0.4398945874721265,70103.6866359447,0,0,8,12,18,24,30,62
13625,58,70,62,165,0.6125080593165699,68157.8947368421,1,0,0,0,186,12,5,198
13626,127,108,117,305,0.4031551270815074,65217.391304347824,0,0,0,0,127,6,2,133
13630,27,45,144,158,0.3534303534303534,56372.549019607846,1,0,0,0,234,6,2,240
13634,157,281,304,620,0.4788446921712693,66997.35449735449,0,0,0,17,6,18,24,41
13637,469,267,264,894,0.4696194079679501,49881.516587677725,1,0,0,34,82,71,63,187
13642,605,295,456,1173,0.3745804915015698,57478.32369942197,1,0,0,42,14,42,59,98
13646,100,130,163,327,0.412051395657953,58467.74193548388,1,0,0,0,4,12,5,16
13648,50,84,185,245,0.4882909815645241,63647.95918367348,0,8,12,16,2,6,38,44
13652,185,224,93,464,0.4621380846325167,54819.27710843373,1,0,0,0,327,6,2,333
13654,140,172,200,432,0.3529411764705882,59077.38095238096,1,0,0,0,12,36,15,48
13655,205,206,328,607,0.4279095121286454,39888.53503184713,1,14,24,75,0,0,113,113
13656,242,318,378,786,0.3684210526315789,57352.94117647059,1,0,0,0,131,18,7,149
13658,81,143,167,324,0.468615649183147,60435.77981651376,0,0,0,0,6,18,7,24
13660,147,154,114,369,0.4542996214169821,55952.38095238096,1,0,0,0,4,12,5,16
13662,627,1076,860,2219,0.439908171495936,55535.96614950634,1,24,22,103,42,36,164,227
13668,199,171,233,509,0.44375,60739.43661971831,0,0,0,46,6,18,53,70
13669,811,1161,1131,2650,0.381451009723261,60355.39215686275,0,0,0,17,58,180,92,255
13672,6,29,18,45,0.7712765957446809,58620.68965517242,1,0,0,17,303,0,17,320
13673,201,125,140,410,0.4623208506703652,55625.0,1,0,0,0,126,18,7,144
13676,673,643,799,1795,0.3533394456590732,65194.61077844311,0,16,48,112,54,12,181,242
13685,68,104,83,221,0.5486968449931413,70833.33333333334,0,0,0,0,20,0,0,20
13691,206,179,185,496,0.4226705091258405,63541.66666666667,0,0,0,0,70,30,12,100
13694,86,74,41,184,0.6384676775738228,67968.75,1,0,0,0,2,6,2,8
13730,122,185,101,367,0.4423545802856147,56200.78740157481,1,0,0,0,2,6,2,8
13732,386,396,497,1080,0.4916524253976601,75969.2513368984,0,4,8,12,84,18,31,126
13733,184,196,307,564,0.4495939790057437,58149.77973568282,1,0,0,17,4,12,22,33
13739,24,20,13,51,0.5368289637952559,57558.139534883725,1,0,0,0,2,6,2,8
13740,11,34,40,69,0.4642857142857143,80769.23076923078,0,0,24,20,0,0,44,44
13743,93,68,311,347,0.4979375368296995,60872.78106508876,0,0,0,8,24,6,10,38
13746,73,120,66,232,0.5882352941176471,62797.619047619046,0,0,0,0,2,6,2,8
13750,34,23,7,61,0.6751054852320675,53645.833333333336,1,0,0,0,6,18,7,24
13751,58,40,0,98,0.5741626794258373,37500.0,1,0,0,0,2,6,2,8
13753,171,222,202,514,0.3432862506704809,65364.58333333333,0,8,12,69,26,23,98,138
13754,104,95,183,308,0.4894578313253012,55865.38461538462,1,8,12,32,0,0,52,52
13757,19,102,66,160,0.3767660910518053,64583.33333333333,0,0,0,0,2,6,2,8
13760,2340,2474,2426,6269,0.4912118408880666,63782.95668549906,0,62,98,526,494,78,718,1258
13775,53,55,82,157,0.4374307862679956,65664.55696202532,0,0,0,18,102,12,23,132
13776,0,16,26,31,0.7178217821782178,65086.206896551725,1,0,0,0,40,0,0,40
13778,375,309,346,891,0.4879416713404375,62547.89272030651,0,0,0,17,47,54,39,118
13782,13,28,19,52,0.4383561643835616,58984.375,1,0,0,0,4,12,5,16
13783,18,125,111,209,0.4461604461604461,54687.5,1,0,0,0,190,0,0,190
13787,131,229,202,481,0.482556243886534,53969.5945945946,1,0,0,31,8,24,41,63
13790,1065,1023,936,2649,0.4552303056392596,51418.43971631205,1,80,82,252,168,64,440,646
13795,89,86,143,260,0.5788761002031144,57821.63742690058,1,0,0,0,4,12,5,16
13796,64,51,20,127,0.5823293172690763,56681.03448275862,1,0,0,0,2,6,2,8
13802,39,42,111,147,0.3892493049119555,61309.5238095238,0,0,0,0,20,0,0,20
13803,376,398,351,984,0.4301075268817204,58831.52173913044,1,8,12,18,20,0,38,58
13807,32,70,94,158,0.4629629629629629,60208.33333333333,0,0,0,0,2,6,2,8
13808,52,72,116,193,0.5728788977519942,60284.81012658229,0,0,0,17,0,0,17,17
13810,56,36,25,107,0.4126984126984127,60336.53846153846,0,0,0,0,4,12,5,16
13811,302,199,245,648,0.4660194174757281,61718.75,0,0,0,16,4,12,21,32
13812,52,142,160,290,0.4273877017008286,58035.71428571429,1,4,12,16,4,12,37,48
13815,667,553,805,1703,0.4541586073500967,57048.55195911414,1,0,16,59,225,72,105,372
13820,564,532,1034,1716,0.3431111111111111,61496.113989637306,0,39,78,317,32,30,446,496
13825,145,121,121,338,0.5003270111183781,59232.02614379085,1,0,0,0,4,12,5,16
13827,589,495,914,1632,0.4519966015293118,63416.35338345864,0,32,40,102,44,24,184,242
13830,145,379,336,725,0.4135414555037502,57904.41176470588,1,0,0,17,32,36,32,85
13838,254,293,220,679,0.4643574297188755,53581.08108108108,1,24,39,171,23,30,246,287
13839,67,67,194,250,0.4776345716451857,55952.38095238095,1,0,0,0,2,6,2,8
13842,1,4,8,9,0.3278688524590163,60000.0,1,0,0,0,2,6,2,8
13849,220,121,174,445,0.4656419529837251,58009.70873786408,1,0,0,20,8,24,30,52
13850,1076,1334,1358,3224,0.4285592932381923,78035.18334985134,0,56,108,373,378,48,557,963
13856,298,293,360,807,0.4403760514596734,55945.692883895135,1,0,0,55,48,24,65,127
13862,87,282,256,522,0.5024311183144247,58534.94623655912,1,16,12,90,43,30,130,191
13863,18,5,51,53,0.4228329809725158,41250.0,1,0,0,0,2,6,2,8
13864,118,15,19,144,0.4529616724738676,52403.84615384616,1,0,0,0,2,6,2,8
13865,387,206,328,789,0.4416666666666666,61556.603773584895,0,0,0,0,64,12,5,76
13901,1233,1149,1169,3083,0.426948295710496,59657.092614302455,1,16,48,184,207,18,255,473
13903,924,829,1248,2501,0.4539306389655358,61397.49702026221,0,31,38,127,146,36,211,378
13904,376,671,744,1493,0.4379408358774608,52073.31730769231,1,8,8,0,54,42,33,112
13905,1118,708,1162,2523,0.3902721063852853,55046.2962962963,1,40,66,139,200,90,282,535
14001,247,534,826,1276,0.5304924448309599,68980.53278688525,0,24,36,82,8,12,147,162
14004,715,620,664,1733,0.4752101561159718,70036.10108303248,0,24,33,55,43,0,112,155
14005,101,106,173,310,0.4508393285371702,60904.25531914893,0,0,0,0,55,0,0,55
14006,457,494,530,1269,0.4945756222080408,61612.90322580645,0,0,0,56,78,18,63,152
14009,278,279,284,727,0.489318970239182,59561.56716417911,1,24,22,76,0,0,122,122
14011,392,300,339,895,0.3721955647775904,63153.31010452961,0,0,0,0,128,12,5,140
14012,162,242,205,527,0.3708609271523179,59933.03571428572,1,0,0,0,2,6,2,8
14020,923,1170,1338,2895,0.4531681668300508,57153.392330383474,1,76,111,241,271,36,443,735
14024,95,155,171,352,0.4520464263897373,64695.94594594595,0,0,0,0,2,6,2,8
14025,147,125,180,380,0.4235482152370804,77830.18867924529,0,8,16,30,54,6,56,114
14031,179,695,448,1142,0.5482705214248839,86440.6779661017,0,8,21,18,52,24,57,123
14032,538,700,884,1768,0.445516458569807,95222.92993630574,0,0,12,36,84,0,48,132
14036,289,183,178,578,0.4365519792822789,68167.37288135593,0,0,0,11,42,6,13,59
14040,136,75,173,314,0.5780989438576987,67307.6923076923,0,12,20,14,7,0,46,53
14042,263,272,253,686,0.395185101067454,51652.29885057471,1,0,0,39,0,0,39,39
14043,1139,1261,1612,3367,0.5177253769650305,61260.65065840434,0,100,164,407,178,0,671,849
14047,282,305,95,644,0.5043110460387181,66693.54838709677,0,24,34,90,30,0,148,178
14048,767,657,640,1808,0.4374453193350831,47730.769230769234,1,72,12,252,112,48,356,496
14051,1083,1257,1175,3045,0.5494505494505495,96244.23963133642,0,40,82,94,168,0,216,384
14052,607,910,869,2038,0.5239064089521872,84641.3160733549,0,48,60,75,146,0,183,329
14057,373,318,594,1047,0.5437044745057232,73714.1148325359,0,16,22,30,27,12,73,107
14058,258,279,153,628,0.4194352159468438,63985.14851485149,0,0,0,0,40,0,0,40
14059,699,655,514,1662,0.5192647211548448,85000.0,0,32,56,80,147,24,178,339
14063,440,471,532,1230,0.3954888363941172,65269.74951830443,0,32,48,180,34,42,277,336
14066,35,44,70,121,0.4208600182982616,55978.260869565216,1,0,0,0,70,0,0,70
14067,154,183,274,501,0.6231380337636544,62749.00398406375,1,0,0,16,44,12,21,72
14068,421,485,688,1318,0.4530663329161452,85497.23756906077,0,61,111,240,178,0,412,590
14070,469,414,496,1180,0.3653410927901713,54811.94690265487,1,8,0,28,36,12,41,84
14072,1195,1014,1159,2904,0.5285767650354875,82133.39222614841,0,80,149,315,285,12,549,841
14075,1764,2228,2557,5526,0.5240977359336472,73577.84431137725,0,90,136,291,344,54,539,915
14080,254,178,279,599,0.5005931198102017,72334.1232227488,0,15,22,28,24,18,72,107
14081,88,210,145,385,0.415807560137457,57644.62809917356,1,64,87,207,130,0,358,488
14082,17,83,75,145,0.3427719821162444,62500.0,0,0,0,0,2,6,2,8
14085,413,701,583,1463,0.4880694143167028,83549.38271604937,0,23,41,89,58,0,153,211
14086,1798,2014,1675,4817,0.5318755160730048,80072.26980728052,0,48,89,365,232,6,504,740
14091,102,127,152,320,0.3875,55040.32258064516,1,0,0,0,2,6,2,8
14092,319,338,434,917,0.5645314578977381,75968.01346801347,0,40,48,48,41,0,136,177
14094,2635,2865,3213,7427,0.5037573058725299,62445.73796369377,0,84,122,520,605,72,756,1403
14103,593,683,609,1641,0.4609106927571177,53898.39034205231,1,11,34,90,79,36,150,250
14105,362,370,228,868,0.4270670826833073,60216.89497716895,0,0,0,0,2,6,2,8
14108,456,377,276,998,0.5434163024890747,61363.63636363636,0,0,0,0,34,12,5,46
14111,117,166,250,433,0.492063492063492,64193.54838709677,0,0,0,0,4,12,5,16
14120,2510,1936,2253,5797,0.516503805106498,66030.95030514385,0,79,119,386,350,34,598,968
14127,1666,1964,1639,4613,0.5360172256296489,87933.65794278758,0,139,267,421,280,18,834,1125
14131,206,259,231,603,0.4998070243149363,66216.21621621621,0,32,36,82,60,0,150,210
14132,201,553,536,1075,0.4440125579309313,66792.9292929293,0,7,12,32,50,0,51,101
14136,234,206,270,602,0.4529480671612651,58189.6551724138,1,0,0,0,4,12,5,16
14138,83,153,79,283,0.4291845493562232,54062.5,1,8,0,18,40,0,26,66
14141,397,611,327,1204,0.505872931126535,64281.002638522434,0,34,44,324,57,6,404,465
14145,106,30,28,152,0.6467661691542289,69391.02564102564,1,0,0,0,8,24,10,32
14150,1674,2099,1826,4868,0.5241702045542261,60239.30050621261,0,52,55,883,485,18,997,1493
14171,75,55,76,175,0.5919003115264797,60394.73684210526,0,0,0,20,20,0,20,40
14172,126,168,182,403,0.507926237463604,68391.71974522293,0,0,0,0,4,12,5,16
14174,285,283,390,802,0.5107055107055107,75816.15120274914,0,8,28,128,50,0,164,214
14201,759,812,978,2157,0.3858036916739285,45302.87474332649,1,16,24,242,308,6,284,596
14202,143,186,88,381,0.4885371179039301,73044.69273743016,0,24,22,29,178,0,75,253
14203,64,21,81,133,0.4351464435146444,59975.96153846154,1,15,41,154,20,0,210,230
14204,469,345,383,1043,0.4643882076702322,39009.83146067416,1,16,24,36,250,84,111,410
14206,934,1337,1380,3099,0.4312804934180245,42796.157950907145,1,24,73,65,134,12,167,308
14207,1603,2558,2130,5439,0.3980699638118214,35948.19159335288,1,18,44,307,401,60,394,830
14208,701,393,588,1446,0.3358714043993231,34225.44080604534,1,32,56,68,209,102,198,467
14209,283,268,196,668,0.398755330183243,63258.670520231215,0,40,156,294,240,40,506,770
14210,793,1039,666,2231,0.4095696268365622,42083.333333333336,1,67,69,387,277,24,533,824
14211,1872,2321,2104,5455,0.3831338276104875,31364.864864864867,1,0,0,142,158,244,243,544
14212,1077,976,1240,2797,0.3527641970665663,34781.44989339019,1,32,89,96,67,6,219,290
14213,2037,1963,1478,4886,0.4015846538782318,40939.77154724819,1,32,45,99,206,96,216,478
14214,1117,1237,1053,2985,0.3473070139736806,57991.53645833333,1,64,92,121,252,92,315,621
14215,2993,3193,2839,7889,0.3887367824773414,37454.46265938069,1,54,106,209,276,488,572,1133
14216,1632,960,737,3034,0.457745012287059,65150.13648771611,0,32,76,87,125,18,202,338
14217,865,1442,1073,2950,0.5082675275947821,62811.15879828326,0,74,119,141,67,0,334,401
14218,1646,1273,950,3489,0.4217615590370653,48117.21404303512,1,15,37,380,182,22,441,636
14219,338,448,463,1063,0.5472636815920398,57428.45117845118,1,7,22,52,74,24,91,179
14220,1346,1246,1410,3438,0.4869179971579035,55461.37339055795,1,40,67,161,79,60,293,407
14221,3113,2743,2868,7576,0.5086188165423337,86957.10217159131,0,211,326,616,1119,42,1170,2314
14222,928,404,384,1562,0.3766514227642276,74262.22596964586,0,33,64,104,0,0,201,201
14223,1228,944,1001,2772,0.5435459478694067,66673.48608837971,0,48,112,105,250,0,265,515
14224,1953,1895,1830,4946,0.5392072646950546,68565.08875739646,0,104,147,343,145,24,604,763
14225,1466,1916,1875,4507,0.5228547103895722,53712.801796743406,1,48,72,340,256,39,476,755
14226,1486,1782,1775,4333,0.5018276227240119,74149.08100748809,0,40,71,418,437,36,544,1002
14227,1058,891,834,2449,0.5583946739181396,59225.44080604534,1,60,94,185,64,18,346,421
14228,1235,1412,1267,3407,0.413371675053918,68103.86473429951,0,112,209,251,210,12,577,794
14301,665,552,596,1574,0.3942062381696979,36560.54279749478,1,0,0,170,152,66,197,388
14303,483,731,309,1399,0.3815554473128754,36489.36170212766,1,0,10,0,89,12,15,111
14304,1236,1698,1541,3858,0.5230564691064307,57658.86287625418,1,32,69,350,362,54,473,867
14305,902,1103,925,2560,0.4305931948208371,46783.21678321678,1,16,22,11,433,108,94,590
14411,272,483,652,1146,0.4346446700507614,53375.912408759126,1,8,29,51,28,24,98,140
14414,296,332,457,902,0.5056759545923633,68513.1195335277,0,32,44,72,95,24,158,267
14416,220,187,160,503,0.4921052631578947,65240.64171122995,0,8,10,18,26,18,43,80
14420,909,916,1036,2446,0.4256705941338681,63501.177856301525,0,40,128,270,180,18,445,636
14423,276,294,272,733,0.4667753770892784,67521.83406113538,0,8,22,14,72,0,44,116
14424,984,1272,1391,3090,0.4999650129452103,71509.79706088174,0,32,111,311,168,84,489,706
14425,905,973,934,2438,0.511324899628816,70296.29629629629,0,24,44,61,57,58,153,244
14432,289,518,467,1087,0.4692028985507246,60328.185328185325,0,16,34,104,159,24,164,337
14433,415,325,315,929,0.4595545134818288,55548.4693877551,1,8,0,45,4,12,58,69
14437,302,381,517,993,0.4766579406631762,58981.6933638444,1,8,8,8,334,36,39,394
14445,307,368,397,913,0.5111197815060476,54675.572519083966,1,0,0,0,268,18,7,286
14450,2178,2509,3034,6507,0.51088621698157,86835.52930486143,0,100,160,367,647,114,674,1388
14456,1107,1126,725,2668,0.4354415033340069,58323.66589327146,1,48,93,226,376,41,384,784
14464,516,240,349,965,0.5213341346153846,59438.04034582133,1,0,12,16,17,10,32,55
14468,1019,992,1609,2976,0.5199830382699036,74388.37920489296,0,32,54,128,146,24,224,384
14470,446,369,401,1055,0.4899399007055134,57866.66666666667,1,32,0,48,55,0,80,135
14472,560,693,518,1563,0.48582995951417,91385.13513513516,0,0,0,0,2,6,2,8
14476,161,207,152,459,0.4185290532303941,63713.59223300971,0,0,0,16,100,0,16,116
14481,67,108,134,255,0.4845070422535211,60465.11627906977,0,0,0,0,2,6,2,8
14486,14,15,7,33,0.6666666666666666,65441.17647058824,1,0,0,0,2,6,2,8
14505,204,296,391,734,0.5187908496732027,64074.8031496063,0,0,0,0,142,6,2,148
14510,268,222,356,703,0.4667224780242779,52578.47533632288,1,8,19,263,20,0,290,310
14521,211,205,188,528,0.368389780154486,57056.45161290322,1,0,0,0,2,6,2,8
14525,148,137,177,391,0.5086750788643533,65213.17829457364,0,0,0,0,67,24,10,91
14526,1296,1074,1453,3241,0.5451413517073666,88289.96282527881,0,46,64,92,553,24,212,779
14532,290,312,249,751,0.5663808781501689,61869.26605504588,0,16,10,30,129,30,68,215
14536,29,27,24,70,0.4510108864696734,52586.206896551725,1,0,0,0,20,0,0,20
14541,196,206,288,574,0.2923497267759563,65070.09345794392,0,0,0,0,2,6,2,8
14544,68,143,253,362,0.4172461752433936,64166.66666666666,0,0,0,0,4,18,7,22
14546,362,231,73,636,0.4959349593495935,68032.7868852459,0,0,0,0,69,0,0,69
14560,62,111,130,251,0.4405086285195277,66108.24742268042,0,0,0,0,4,12,5,16
14564,842,1024,990,2460,0.5160564788204424,93538.13559322032,0,80,130,264,324,24,484,822
14568,213,187,645,787,0.4835407150732398,74633.55048859934,0,0,0,0,105,12,5,117
14569,189,270,200,579,0.4556129638327853,60309.278350515466,0,16,12,20,60,12,53,120
14580,2378,3175,3521,7665,0.524578136463683,81097.02797202798,0,145,233,334,272,72,742,1056
14586,386,950,896,1873,0.4874213836477987,72237.90322580645,0,0,0,0,12,36,15,48
14589,562,462,408,1268,0.5026792549119673,62277.918781725886,0,24,23,37,14,12,89,110
14590,112,223,424,589,0.4430997462424361,56718.06167400882,1,0,0,46,4,12,51,62
14608,726,840,686,1977,0.3712910986367281,34881.20950323974,1,23,23,374,189,155,484,764
14609,2529,1680,2952,5980,0.4840278115427627,49736.31341034656,1,69,107,541,841,578,957,2136
14612,1421,2086,1948,4675,0.5160924429320857,66009.61538461539,0,8,10,0,175,144,78,337
14617,941,1388,1452,3200,0.5516143701682583,71856.96619950536,0,48,77,201,218,126,378,670
14621,2595,2216,2848,6519,0.3748180494905386,31998.381877022657,1,60,115,208,709,814,722,1906
14622,688,614,677,1708,0.5152701644479248,61208.20668693009,0,4,5,25,111,66,61,211
14623,802,810,672,2015,0.3914014947222436,54982.77559055118,1,217,260,642,213,36,1134,1368
14625,362,399,608,1125,0.5418860698898995,83392.2261484099,0,48,71,100,183,6,221,408
14717,16,6,26,37,0.4964539007092198,57142.85714285714,1,0,0,0,6,18,7,24
14727,246,293,352,750,0.4677060133630289,58008.65800865801,1,0,8,20,20,60,53,108
14731,63,34,21,109,0.6475409836065574,79746.83544303798,1,8,10,17,49,0,35,84
14741,77,182,121,331,0.4769475357710652,61111.11111111111,0,0,0,0,2,6,2,8
14747,156,101,161,353,0.4582730342498794,52631.57894736842,1,0,0,0,4,11,4,15
14767,101,219,168,420,0.3222958057395143,54623.28767123287,1,0,0,0,4,12,5,16
14770,137,197,223,467,0.4466759002770083,55523.25581395349,1,0,0,15,55,0,15,70
14772,256,253,224,643,0.4107187578261958,57164.634146341465,1,0,0,32,64,12,37,108
14805,31,16,29,64,0.6797385620915033,59375.0,1,0,0,0,2,6,2,8
14806,127,111,154,330,0.4513727315030246,58762.886597938144,1,0,0,0,4,12,5,16
